date,away_team,away_score,home_score,home_team
2023-03-30,Atlanta Braves,7,2,Washington Nationals
2023-03-30,San Francisco Giants,0,5,New York Yankees
2023-03-30,Baltimore Orioles,10,9,Boston Red Sox
2023-03-30,Milwaukee Brewers,0,4,Chicago Cubs
2023-03-30,Detroit Tigers,0,4,Tampa Bay Rays
2023-03-30,Philadelphia Phillies,7,11,Texas Rangers
2023-03-30,Pittsburgh Pirates,5,4,Cincinnati Reds
2023-03-30,Toronto Blue Jays,10,9,St. Louis Cardinals
2023-03-30,Minnesota Twins,2,0,Kansas City Royals
2023-03-30,New York Mets,5,3,Miami Marlins
2023-03-30,Chicago White Sox,3,2,Houston Astros
2023-03-30,Colorado Rockies,7,2,San Diego Padres
2023-03-30,Los Angeles Angels,1,2,Oakland Athletics
2023-03-30,Arizona Diamondbacks,2,8,Los Angeles Dodgers
2023-03-30,Cleveland Guardians,0,3,Seattle Mariners
2023-03-31,New York Mets,1,2,Miami Marlins
2023-03-31,Chicago White Sox,3,6,Houston Astros
2023-03-31,Colorado Rockies,4,1,San Diego Padres
2023-03-31,Arizona Diamondbacks,2,1,Los Angeles Dodgers
2023-03-31,Cleveland Guardians,9,4,Seattle Mariners
2023-04-01,Chicago White Sox,4,6,Houston Astros
2023-04-01,Toronto Blue Jays,1,4,St. Louis Cardinals
2023-04-01,Milwaukee Brewers,3,1,Chicago Cubs
2023-04-01,Philadelphia Phillies,3,16,Texas Rangers
2023-04-01,Atlanta Braves,7,1,Washington Nationals
2023-04-01,San Francisco Giants,7,5,New York Yankees
2023-04-01,Los Angeles Angels,13,1,Oakland Athletics
2023-04-01,Baltimore Orioles,8,9,Boston Red Sox
2023-04-01,Pittsburgh Pirates,2,6,Cincinnati Reds
2023-04-01,Detroit Tigers,2,12,Tampa Bay Rays
2023-04-01,Minnesota Twins,2,0,Kansas City Royals
2023-04-01,New York Mets,6,2,Miami Marlins
2023-04-01,Colorado Rockies,4,8,San Diego Padres
2023-04-01,Arizona Diamondbacks,1,10,Los Angeles Dodgers
2023-04-01,Cleveland Guardians,2,0,Seattle Mariners
2023-04-02,Detroit Tigers,1,5,Tampa Bay Rays
2023-04-02,Baltimore Orioles,5,9,Boston Red Sox
2023-04-02,Atlanta Braves,1,4,Washington Nationals
2023-04-02,San Francisco Giants,0,6,New York Yankees
2023-04-02,Pittsburgh Pirates,1,3,Cincinnati Reds
2023-04-02,New York Mets,5,1,Miami Marlins
2023-04-02,Minnesota Twins,7,4,Kansas City Royals
2023-04-02,Chicago White Sox,6,3,Houston Astros
2023-04-02,Toronto Blue Jays,4,9,St. Louis Cardinals
2023-04-02,Milwaukee Brewers,9,5,Chicago Cubs
2023-04-02,Los Angeles Angels,6,0,Oakland Athletics
2023-04-02,Arizona Diamondbacks,2,1,Los Angeles Dodgers
2023-04-02,Colorado Rockies,1,3,San Diego Padres
2023-04-02,Cleveland Guardians,6,5,Seattle Mariners
2023-04-02,Philadelphia Phillies,1,2,Texas Rangers
2023-04-03,New York Mets,0,10,Milwaukee Brewers
2023-04-03,San Francisco Giants,12,3,Chicago White Sox
2023-04-03,Chicago Cubs,6,7,Cincinnati Reds
2023-04-03,Minnesota Twins,11,1,Miami Marlins
2023-04-03,Tampa Bay Rays,6,2,Washington Nationals
2023-04-03,Philadelphia Phillies,1,8,New York Yankees
2023-04-03,Pittsburgh Pirates,7,6,Boston Red Sox
2023-04-03,Toronto Blue Jays,5,9,Kansas City Royals
2023-04-03,Atlanta Braves,8,4,St. Louis Cardinals
2023-04-03,Baltimore Orioles,2,0,Texas Rangers
2023-04-03,Detroit Tigers,7,6,Houston Astros
2023-04-03,Cleveland Guardians,12,11,Oakland Athletics
2023-04-03,Arizona Diamondbacks,4,5,San Diego Padres
2023-04-03,Los Angeles Angels,7,3,Seattle Mariners
2023-04-03,Colorado Rockies,4,13,Los Angeles Dodgers
2023-04-04,Arizona Diamondbacks,8,6,San Diego Padres
2023-04-04,Chicago Cubs,12,5,Cincinnati Reds
2023-04-04,Minnesota Twins,0,1,Miami Marlins
2023-04-04,Tampa Bay Rays,10,6,Washington Nationals
2023-04-04,Philadelphia Phillies,4,1,New York Yankees
2023-04-04,Pittsburgh Pirates,4,1,Boston Red Sox
2023-04-04,Toronto Blue Jays,4,1,Kansas City Royals
2023-04-04,New York Mets,0,9,Milwaukee Brewers
2023-04-04,Atlanta Braves,4,1,St. Louis Cardinals
2023-04-04,Baltimore Orioles,7,2,Texas Rangers
2023-04-04,Detroit Tigers,6,3,Houston Astros
2023-04-04,Cleveland Guardians,3,4,Oakland Athletics
2023-04-04,Los Angeles Angels,2,11,Seattle Mariners
2023-04-04,Colorado Rockies,2,5,Los Angeles Dodgers
2023-04-05,Tampa Bay Rays,7,2,Washington Nationals
2023-04-05,Philadelphia Phillies,2,4,New York Yankees
2023-04-05,Minnesota Twins,2,5,Miami Marlins
2023-04-05,Atlanta Braves,5,2,St. Louis Cardinals
2023-04-05,Pittsburgh Pirates,4,1,Boston Red Sox
2023-04-05,New York Mets,6,7,Milwaukee Brewers
2023-04-05,Baltimore Orioles,2,5,Texas Rangers
2023-04-05,Detroit Tigers,2,8,Houston Astros
2023-04-05,San Francisco Giants,3,7,Chicago White Sox
2023-04-05,Cleveland Guardians,6,4,Oakland Athletics
2023-04-05,Los Angeles Angels,4,3,Seattle Mariners
2023-04-05,Toronto Blue Jays,3,0,Kansas City Royals
2023-04-06,Boston Red Sox,6,3,Detroit Tigers
2023-04-06,Toronto Blue Jays,6,3,Kansas City Royals
2023-04-06,San Francisco Giants,16,6,Chicago White Sox
2023-04-06,Washington Nationals,0,1,Colorado Rockies
2023-04-06,San Diego Padres,6,7,Atlanta Braves
2023-04-06,Los Angeles Dodgers,5,2,Arizona Diamondbacks
2023-04-07,Miami Marlins,3,9,New York Mets
2023-04-07,Texas Rangers,0,2,Chicago Cubs
2023-04-07,Cincinnati Reds,2,5,Philadelphia Phillies
2023-04-07,New York Yankees,6,7,Baltimore Orioles
2023-04-07,Seattle Mariners,5,3,Cleveland Guardians
2023-04-07,Houston Astros,2,3,Minnesota Twins
2023-04-07,Chicago White Sox,9,13,Pittsburgh Pirates
2023-04-07,Kansas City Royals,3,1,San Francisco Giants
2023-04-07,Oakland Athletics,5,9,Tampa Bay Rays
2023-04-07,San Diego Padres,5,4,Atlanta Braves
2023-04-07,St. Louis Cardinals,0,4,Milwaukee Brewers
2023-04-07,Washington Nationals,10,5,Colorado Rockies
2023-04-07,Toronto Blue Jays,4,3,Los Angeles Angels
2023-04-07,Los Angeles Dodgers,3,6,Arizona Diamondbacks
2023-04-08,Houston Astros,6,9,Minnesota Twins
2023-04-08,Kansas City Royals,6,5,San Francisco Giants
2023-04-08,Texas Rangers,3,10,Chicago Cubs
2023-04-08,Cincinnati Reds,2,3,Philadelphia Phillies
2023-04-08,Boston Red Sox,14,5,Detroit Tigers
2023-04-08,Oakland Athletics,0,11,Tampa Bay Rays
2023-04-08,Miami Marlins,2,5,New York Mets
2023-04-08,Seattle Mariners,3,2,Cleveland Guardians
2023-04-08,Chicago White Sox,11,5,Pittsburgh Pirates
2023-04-08,New York Yankees,4,1,Baltimore Orioles
2023-04-08,St. Louis Cardinals,6,0,Milwaukee Brewers
2023-04-08,San Diego Padres,4,1,Atlanta Braves
2023-04-08,Los Angeles Dodgers,8,12,Arizona Diamondbacks
2023-04-08,Washington Nationals,7,6,Colorado Rockies
2023-04-08,Toronto Blue Jays,5,9,Los Angeles Angels
2023-04-09,Cincinnati Reds,6,4,Philadelphia Phillies
2023-04-09,Boston Red Sox,4,1,Detroit Tigers
2023-04-09,Oakland Athletics,0,11,Tampa Bay Rays
2023-04-09,Chicago White Sox,0,1,Pittsburgh Pirates
2023-04-09,New York Yankees,5,3,Baltimore Orioles
2023-04-09,Seattle Mariners,6,7,Cleveland Guardians
2023-04-09,Miami Marlins,7,2,New York Mets
2023-04-09,Houston Astros,5,1,Minnesota Twins
2023-04-09,St. Louis Cardinals,1,6,Milwaukee Brewers
2023-04-09,Texas Rangers,8,2,Chicago Cubs
2023-04-09,Washington Nationals,6,7,Colorado Rockies
2023-04-09,Kansas City Royals,1,3,San Francisco Giants
2023-04-09,Toronto Blue Jays,12,11,Los Angeles Angels
2023-04-09,Los Angeles Dodgers,6,11,Arizona Diamondbacks
2023-04-09,San Diego Padres,10,2,Atlanta Braves
2023-04-10,Chicago White Sox,4,3,Minnesota Twins
2023-04-10,New York Yankees,2,3,Cleveland Guardians
2023-04-10,Oakland Athletics,1,5,Baltimore Orioles
2023-04-10,Houston Astros,8,2,Pittsburgh Pirates
2023-04-10,Boston Red Sox,0,1,Tampa Bay Rays
2023-04-10,Miami Marlins,3,15,Philadelphia Phillies
2023-04-10,San Diego Padres,0,5,New York Mets
2023-04-10,Cincinnati Reds,4,5,Atlanta Braves
2023-04-10,Seattle Mariners,2,3,Chicago Cubs
2023-04-10,Kansas City Royals,2,11,Texas Rangers
2023-04-10,St. Louis Cardinals,4,7,Colorado Rockies
2023-04-10,Washington Nationals,6,4,Los Angeles Angels
2023-04-10,Milwaukee Brewers,0,3,Arizona Diamondbacks
2023-04-10,Los Angeles Dodgers,9,1,San Francisco Giants
2023-04-11,New York Yankees,11,2,Cleveland Guardians
2023-04-11,Oakland Athletics,8,12,Baltimore Orioles
2023-04-11,Houston Astros,4,7,Pittsburgh Pirates
2023-04-11,Boston Red Sox,2,7,Tampa Bay Rays
2023-04-11,Miami Marlins,8,4,Philadelphia Phillies
2023-04-11,Detroit Tigers,3,9,Toronto Blue Jays
2023-04-11,San Diego Padres,4,2,New York Mets
2023-04-11,Cincinnati Reds,6,7,Atlanta Braves
2023-04-11,Seattle Mariners,9,14,Chicago Cubs
2023-04-11,Chicago White Sox,3,4,Minnesota Twins
2023-04-11,Kansas City Royals,5,8,Texas Rangers
2023-04-11,St. Louis Cardinals,9,6,Colorado Rockies
2023-04-11,Washington Nationals,0,2,Los Angeles Angels
2023-04-11,Milwaukee Brewers,7,1,Arizona Diamondbacks
2023-04-11,Los Angeles Dodgers,0,5,San Francisco Giants
2023-04-12,Houston Astros,7,0,Pittsburgh Pirates
2023-04-12,San Diego Padres,2,5,New York Mets
2023-04-12,Chicago White Sox,1,3,Minnesota Twins
2023-04-12,New York Yankees,4,3,Cleveland Guardians
2023-04-12,Seattle Mariners,5,2,Chicago Cubs
2023-04-12,St. Louis Cardinals,7,4,Colorado Rockies
2023-04-12,Milwaukee Brewers,3,7,Arizona Diamondbacks
2023-04-12,Miami Marlins,3,2,Philadelphia Phillies
2023-04-12,Washington Nationals,2,3,Los Angeles Angels
2023-04-12,Oakland Athletics,8,4,Baltimore Orioles
2023-04-12,Boston Red Sox,7,9,Tampa Bay Rays
2023-04-12,Detroit Tigers,3,4,Toronto Blue Jays
2023-04-12,Cincinnati Reds,4,5,Atlanta Braves
2023-04-12,Kansas City Royals,10,1,Texas Rangers
2023-04-12,Los Angeles Dodgers,10,5,San Francisco Giants
2023-04-13,Oakland Athletics,7,8,Baltimore Orioles
2023-04-13,Boston Red Sox,3,9,Tampa Bay Rays
2023-04-13,Philadelphia Phillies,2,6,Cincinnati Reds
2023-04-13,Minnesota Twins,11,2,New York Yankees
2023-04-13,Detroit Tigers,3,1,Toronto Blue Jays
2023-04-13,Pittsburgh Pirates,5,0,St. Louis Cardinals
2023-04-13,Milwaukee Brewers,4,3,San Diego Padres
2023-04-14,San Francisco Giants,5,7,Detroit Tigers
2023-04-14,Philadelphia Phillies,8,3,Cincinnati Reds
2023-04-14,Arizona Diamondbacks,1,5,Miami Marlins
2023-04-14,Cleveland Guardians,4,3,Washington Nationals
2023-04-14,Minnesota Twins,4,3,New York Yankees
2023-04-14,Tampa Bay Rays,3,6,Toronto Blue Jays
2023-04-14,Los Angeles Angels,3,5,Boston Red Sox
2023-04-14,Baltimore Orioles,6,3,Chicago White Sox
2023-04-14,Texas Rangers,6,2,Houston Astros
2023-04-14,Atlanta Braves,10,3,Kansas City Royals
2023-04-14,Pittsburgh Pirates,0,3,St. Louis Cardinals
2023-04-14,New York Mets,17,6,Oakland Athletics
2023-04-14,Milwaukee Brewers,11,2,San Diego Padres
2023-04-14,Chicago Cubs,8,2,Los Angeles Dodgers
2023-04-14,Colorado Rockies,3,5,Seattle Mariners
2023-04-15,Minnesota Twins,1,6,New York Yankees
2023-04-15,San Francisco Giants,6,7,Detroit Tigers
2023-04-15,Baltimore Orioles,6,7,Chicago White Sox
2023-04-15,Pittsburgh Pirates,6,3,St. Louis Cardinals
2023-04-15,Tampa Bay Rays,2,5,Toronto Blue Jays
2023-04-15,Cleveland Guardians,6,4,Washington Nationals
2023-04-15,Milwaukee Brewers,3,10,San Diego Padres
2023-04-15,New York Mets,3,2,Oakland Athletics
2023-04-15,Los Angeles Angels,7,9,Boston Red Sox
2023-04-15,Philadelphia Phillies,0,13,Cincinnati Reds
2023-04-15,Atlanta Braves,9,3,Kansas City Royals
2023-04-15,Arizona Diamondbacks,2,3,Miami Marlins
2023-04-15,Texas Rangers,2,8,Houston Astros
2023-04-15,Chicago Cubs,1,2,Los Angeles Dodgers
2023-04-15,Colorado Rockies,2,9,Seattle Mariners
2023-04-16,Los Angeles Angels,1,2,Boston Red Sox
2023-04-16,Cleveland Guardians,6,7,Washington Nationals
2023-04-16,Minnesota Twins,0,2,New York Yankees
2023-04-16,Tampa Bay Rays,8,1,Toronto Blue Jays
2023-04-16,Philadelphia Phillies,14,3,Cincinnati Reds
2023-04-16,Arizona Diamondbacks,5,0,Miami Marlins
2023-04-16,Atlanta Braves,5,4,Kansas City Royals
2023-04-16,Baltimore Orioles,8,4,Chicago White Sox
2023-04-16,Pittsburgh Pirates,4,5,St. Louis Cardinals
2023-04-16,New York Mets,4,3,Oakland Athletics
2023-04-16,Chicago Cubs,3,2,Los Angeles Dodgers
2023-04-16,Colorado Rockies,0,1,Seattle Mariners
2023-04-16,Milwaukee Brewers,1,0,San Diego Padres
2023-04-16,Texas Rangers,9,1,Houston Astros
2023-04-17,Los Angeles Angels,5,4,Boston Red Sox
2023-04-17,Tampa Bay Rays,1,8,Cincinnati Reds
2023-04-17,San Francisco Giants,3,4,Miami Marlins
2023-04-17,Texas Rangers,4,0,Kansas City Royals
2023-04-17,Arizona Diamondbacks,6,3,St. Louis Cardinals
2023-04-17,Toronto Blue Jays,2,9,Houston Astros
2023-04-17,Pittsburgh Pirates,14,3,Colorado Rockies
2023-04-17,Chicago Cubs,10,1,Oakland Athletics
2023-04-17,Atlanta Braves,2,0,San Diego Padres
2023-04-17,Milwaukee Brewers,7,3,Seattle Mariners
2023-04-17,New York Mets,8,6,Los Angeles Dodgers
2023-04-18,Cleveland Guardians,3,4,Detroit Tigers
2023-04-18,Cleveland Guardians,0,1,Detroit Tigers
2023-04-18,Philadelphia Phillies,7,4,Chicago White Sox
2023-04-18,Philadelphia Phillies,0,3,Chicago White Sox
2023-04-18,Tampa Bay Rays,10,0,Cincinnati Reds
2023-04-18,San Francisco Giants,2,4,Miami Marlins
2023-04-18,Baltimore Orioles,1,0,Washington Nationals
2023-04-18,Los Angeles Angels,5,2,New York Yankees
2023-04-18,Minnesota Twins,4,5,Boston Red Sox
2023-04-18,Texas Rangers,12,2,Kansas City Royals
2023-04-18,Arizona Diamondbacks,8,7,St. Louis Cardinals
2023-04-18,Toronto Blue Jays,4,2,Houston Astros
2023-04-18,Pittsburgh Pirates,5,3,Colorado Rockies
2023-04-18,Chicago Cubs,4,0,Oakland Athletics
2023-04-18,Atlanta Braves,8,1,San Diego Padres
2023-04-18,Milwaukee Brewers,6,5,Seattle Mariners
2023-04-18,New York Mets,0,5,Los Angeles Dodgers
2023-04-19,Tampa Bay Rays,8,0,Cincinnati Reds
2023-04-19,Cleveland Guardians,3,2,Detroit Tigers
2023-04-19,San Francisco Giants,5,2,Miami Marlins
2023-04-19,Arizona Diamondbacks,5,14,St. Louis Cardinals
2023-04-19,Texas Rangers,12,3,Kansas City Royals
2023-04-19,Philadelphia Phillies,5,2,Chicago White Sox
2023-04-19,New York Mets,5,3,Los Angeles Dodgers
2023-04-19,Pittsburgh Pirates,14,3,Colorado Rockies
2023-04-19,Chicago Cubs,12,2,Oakland Athletics
2023-04-19,Atlanta Braves,0,1,San Diego Padres
2023-04-19,Milwaukee Brewers,5,3,Seattle Mariners
2023-04-19,Baltimore Orioles,4,0,Washington Nationals
2023-04-19,Los Angeles Angels,2,3,New York Yankees
2023-04-19,Minnesota Twins,10,4,Boston Red Sox
2023-04-19,Toronto Blue Jays,1,8,Houston Astros
2023-04-20,Minnesota Twins,5,11,Boston Red Sox
2023-04-20,Los Angeles Angels,3,9,New York Yankees
2023-04-20,Cincinnati Reds,3,4,Pittsburgh Pirates
2023-04-20,Colorado Rockies,5,0,Philadelphia Phillies
2023-04-20,Los Angeles Dodgers,6,2,Chicago Cubs
2023-04-20,San Diego Padres,7,5,Arizona Diamondbacks
2023-04-20,New York Mets,9,4,San Francisco Giants
2023-04-21,Los Angeles Dodgers,0,13,Chicago Cubs
2023-04-21,Cincinnati Reds,2,4,Pittsburgh Pirates
2023-04-21,Chicago White Sox,7,8,Tampa Bay Rays
2023-04-21,Detroit Tigers,1,2,Baltimore Orioles
2023-04-21,Colorado Rockies,3,4,Philadelphia Phillies
2023-04-21,Toronto Blue Jays,6,1,New York Yankees
2023-04-21,Houston Astros,6,4,Atlanta Braves
2023-04-21,Oakland Athletics,5,4,Texas Rangers
2023-04-21,Washington Nationals,3,2,Minnesota Twins
2023-04-21,Boston Red Sox,5,3,Milwaukee Brewers
2023-04-21,Kansas City Royals,0,2,Los Angeles Angels
2023-04-21,San Diego Padres,0,9,Arizona Diamondbacks
2023-04-21,St. Louis Cardinals,2,5,Seattle Mariners
2023-04-21,New York Mets,7,0,San Francisco Giants
2023-04-22,Toronto Blue Jays,2,3,New York Yankees
2023-04-22,Washington Nationals,10,4,Minnesota Twins
2023-04-22,Los Angeles Dodgers,9,4,Chicago Cubs
2023-04-22,Colorado Rockies,3,4,Philadelphia Phillies
2023-04-22,Miami Marlins,6,1,Cleveland Guardians
2023-04-22,Miami Marlins,3,2,Cleveland Guardians
2023-04-22,New York Mets,4,7,San Francisco Giants
2023-04-22,Chicago White Sox,3,4,Tampa Bay Rays
2023-04-22,Cincinnati Reds,1,2,Pittsburgh Pirates
2023-04-22,Detroit Tigers,1,5,Baltimore Orioles
2023-04-22,Oakland Athletics,3,18,Texas Rangers
2023-04-22,Boston Red Sox,4,5,Milwaukee Brewers
2023-04-22,Houston Astros,6,3,Atlanta Braves
2023-04-22,San Diego Padres,5,3,Arizona Diamondbacks
2023-04-22,Kansas City Royals,11,8,Los Angeles Angels
2023-04-22,St. Louis Cardinals,4,5,Seattle Mariners
2023-04-23,Colorado Rockies,3,9,Philadelphia Phillies
2023-04-23,Detroit Tigers,1,2,Baltimore Orioles
2023-04-23,Cincinnati Reds,0,2,Pittsburgh Pirates
2023-04-23,Houston Astros,5,2,Atlanta Braves
2023-04-23,Toronto Blue Jays,5,1,New York Yankees
2023-04-23,Chicago White Sox,1,4,Tampa Bay Rays
2023-04-23,Miami Marlins,4,7,Cleveland Guardians
2023-04-23,Washington Nationals,1,3,Minnesota Twins
2023-04-23,Boston Red Sox,12,5,Milwaukee Brewers
2023-04-23,Los Angeles Dodgers,7,3,Chicago Cubs
2023-04-23,Oakland Athletics,2,5,Texas Rangers
2023-04-23,Kansas City Royals,3,4,Los Angeles Angels
2023-04-23,San Diego Padres,7,5,Arizona Diamondbacks
2023-04-23,St. Louis Cardinals,7,3,Seattle Mariners
2023-04-23,New York Mets,4,5,San Francisco Giants
2023-04-24,Colorado Rockies,6,0,Cleveland Guardians
2023-04-24,Boston Red Sox,4,5,Baltimore Orioles
2023-04-24,Houston Astros,3,8,Tampa Bay Rays
2023-04-24,Texas Rangers,6,7,Cincinnati Reds
2023-04-24,Chicago White Sox,2,5,Toronto Blue Jays
2023-04-24,Miami Marlins,0,11,Atlanta Braves
2023-04-24,New York Yankees,1,6,Minnesota Twins
2023-04-24,Detroit Tigers,4,2,Milwaukee Brewers
2023-04-24,Oakland Athletics,11,10,Los Angeles Angels
2023-04-24,Kansas City Royals,4,5,Arizona Diamondbacks
2023-04-24,St. Louis Cardinals,0,4,San Francisco Giants
2023-04-25,Colorado Rockies,5,1,Cleveland Guardians
2023-04-25,Boston Red Sox,8,6,Baltimore Orioles
2023-04-25,Los Angeles Dodgers,8,7,Pittsburgh Pirates
2023-04-25,Houston Astros,5,0,Tampa Bay Rays
2023-04-25,Texas Rangers,6,7,Cincinnati Reds
2023-04-25,Seattle Mariners,5,3,Philadelphia Phillies
2023-04-25,Chicago White Sox,0,7,Toronto Blue Jays
2023-04-25,Washington Nationals,5,0,New York Mets
2023-04-25,Miami Marlins,4,7,Atlanta Braves
2023-04-25,San Diego Padres,0,6,Chicago Cubs
2023-04-25,New York Yankees,2,6,Minnesota Twins
2023-04-25,Detroit Tigers,4,3,Milwaukee Brewers
2023-04-25,Oakland Athletics,3,5,Los Angeles Angels
2023-04-25,Kansas City Royals,5,4,Arizona Diamondbacks
2023-04-25,St. Louis Cardinals,4,5,San Francisco Giants
2023-04-26,Texas Rangers,3,5,Cincinnati Reds
2023-04-26,Boston Red Sox,2,6,Baltimore Orioles
2023-04-26,Chicago White Sox,0,8,Toronto Blue Jays
2023-04-26,Colorado Rockies,1,4,Cleveland Guardians
2023-04-26,New York Yankees,12,6,Minnesota Twins
2023-04-26,Detroit Tigers,2,6,Milwaukee Brewers
2023-04-26,Kansas City Royals,0,2,Arizona Diamondbacks
2023-04-26,Los Angeles Dodgers,1,8,Pittsburgh Pirates
2023-04-26,Houston Astros,1,0,Tampa Bay Rays
2023-04-26,Seattle Mariners,5,6,Philadelphia Phillies
2023-04-26,Washington Nationals,4,1,New York Mets
2023-04-26,Miami Marlins,4,6,Atlanta Braves
2023-04-26,San Diego Padres,5,3,Chicago Cubs
2023-04-26,Oakland Athletics,3,11,Los Angeles Angels
2023-04-26,St. Louis Cardinals,3,7,San Francisco Giants
2023-04-27,Miami Marlins,5,4,Atlanta Braves
2023-04-27,Los Angeles Dodgers,2,6,Pittsburgh Pirates
2023-04-27,Seattle Mariners,0,1,Philadelphia Phillies
2023-04-27,San Diego Padres,2,5,Chicago Cubs
2023-04-27,St. Louis Cardinals,6,0,San Francisco Giants
2023-04-27,Oakland Athletics,7,8,Los Angeles Angels
2023-04-27,Baltimore Orioles,7,4,Detroit Tigers
2023-04-27,Washington Nationals,8,9,New York Mets
2023-04-27,Tampa Bay Rays,14,5,Chicago White Sox
2023-04-27,Kansas City Royals,1,7,Minnesota Twins
2023-04-27,New York Yankees,4,2,Texas Rangers
2023-04-28,Kansas City Royals,6,8,Minnesota Twins
2023-04-28,Chicago Cubs,2,3,Miami Marlins
2023-04-28,Seattle Mariners,2,3,Toronto Blue Jays
2023-04-28,Cleveland Guardians,5,2,Boston Red Sox
2023-04-28,Atlanta Braves,4,0,New York Mets
2023-04-28,Tampa Bay Rays,3,2,Chicago White Sox
2023-04-28,New York Yankees,2,5,Texas Rangers
2023-04-28,Philadelphia Phillies,3,1,Houston Astros
2023-04-28,Los Angeles Angels,1,2,Milwaukee Brewers
2023-04-28,Arizona Diamondbacks,9,1,Colorado Rockies
2023-04-28,Cincinnati Reds,11,7,Oakland Athletics
2023-04-28,St. Louis Cardinals,3,7,Los Angeles Dodgers
2023-04-29,Baltimore Orioles,4,7,Detroit Tigers
2023-04-29,Baltimore Orioles,6,4,Detroit Tigers
2023-04-29,Pittsburgh Pirates,6,3,Washington Nationals
2023-04-29,Pittsburgh Pirates,16,1,Washington Nationals
2023-04-29,Kansas City Royals,3,2,Minnesota Twins
2023-04-29,Seattle Mariners,0,1,Toronto Blue Jays
2023-04-29,Chicago Cubs,6,7,Miami Marlins
2023-04-29,Cincinnati Reds,3,2,Oakland Athletics
2023-04-29,Cleveland Guardians,7,8,Boston Red Sox
2023-04-29,Philadelphia Phillies,6,1,Houston Astros
2023-04-29,San Francisco Giants,11,16,San Diego Padres
2023-04-29,New York Yankees,0,2,Texas Rangers
2023-04-29,Tampa Bay Rays,12,3,Chicago White Sox
2023-04-29,Los Angeles Angels,5,7,Milwaukee Brewers
2023-04-29,Arizona Diamondbacks,11,4,Colorado Rockies
2023-04-29,St. Louis Cardinals,0,1,Los Angeles Dodgers
2023-04-30,Chicago Cubs,3,4,Miami Marlins
2023-04-30,Cleveland Guardians,1,7,Boston Red Sox
2023-04-30,Pittsburgh Pirates,2,7,Washington Nationals
2023-04-30,Seattle Mariners,10,8,Toronto Blue Jays
2023-04-30,Baltimore Orioles,5,3,Detroit Tigers
2023-04-30,Kansas City Royals,4,8,Minnesota Twins
2023-04-30,Tampa Bay Rays,9,12,Chicago White Sox
2023-04-30,Los Angeles Angels,3,0,Milwaukee Brewers
2023-04-30,New York Yankees,2,15,Texas Rangers
2023-04-30,Arizona Diamondbacks,4,12,Colorado Rockies
2023-04-30,San Francisco Giants,4,6,San Diego Padres
2023-04-30,Cincinnati Reds,4,5,Oakland Athletics
2023-04-30,St. Louis Cardinals,3,6,Los Angeles Dodgers
2023-04-30,Philadelphia Phillies,3,4,Houston Astros
2023-05-01,Atlanta Braves,9,8,New York Mets
2023-05-01,Atlanta Braves,3,5,New York Mets
2023-05-01,Chicago Cubs,5,1,Washington Nationals
2023-05-01,Cleveland Guardians,3,2,New York Yankees
2023-05-01,Toronto Blue Jays,5,6,Boston Red Sox
2023-05-01,San Francisco Giants,3,7,Houston Astros
2023-05-01,Cincinnati Reds,3,8,San Diego Padres
2023-05-01,Philadelphia Phillies,4,13,Los Angeles Dodgers
2023-05-02,Pittsburgh Pirates,1,4,Tampa Bay Rays
2023-05-02,Atlanta Braves,6,0,Miami Marlins
2023-05-02,Chicago Cubs,1,4,Washington Nationals
2023-05-02,Cleveland Guardians,2,4,New York Yankees
2023-05-02,Toronto Blue Jays,6,7,Boston Red Sox
2023-05-02,Minnesota Twins,2,3,Chicago White Sox
2023-05-02,Baltimore Orioles,11,7,Kansas City Royals
2023-05-02,Los Angeles Angels,5,1,St. Louis Cardinals
2023-05-02,Arizona Diamondbacks,4,6,Texas Rangers
2023-05-02,San Francisco Giants,2,0,Houston Astros
2023-05-02,Milwaukee Brewers,2,3,Colorado Rockies
2023-05-02,Cincinnati Reds,2,1,San Diego Padres
2023-05-02,Seattle Mariners,2,1,Oakland Athletics
2023-05-02,Philadelphia Phillies,1,13,Los Angeles Dodgers
2023-05-03,New York Mets,5,6,Detroit Tigers
2023-05-03,New York Mets,1,8,Detroit Tigers
2023-05-03,Arizona Diamondbacks,12,7,Texas Rangers
2023-05-03,San Francisco Giants,4,2,Houston Astros
2023-05-03,Cincinnati Reds,1,7,San Diego Padres
2023-05-03,Philadelphia Phillies,6,10,Los Angeles Dodgers
2023-05-03,Pittsburgh Pirates,1,8,Tampa Bay Rays
2023-05-03,Atlanta Braves,14,6,Miami Marlins
2023-05-03,Chicago Cubs,1,2,Washington Nationals
2023-05-03,Cleveland Guardians,3,4,New York Yankees
2023-05-03,Toronto Blue Jays,3,8,Boston Red Sox
2023-05-03,Minnesota Twins,4,6,Chicago White Sox
2023-05-03,Baltimore Orioles,0,6,Kansas City Royals
2023-05-03,Los Angeles Angels,6,4,St. Louis Cardinals
2023-05-03,Milwaukee Brewers,1,7,Colorado Rockies
2023-05-03,Seattle Mariners,7,2,Oakland Athletics
2023-05-04,Chicago Cubs,3,4,Washington Nationals
2023-05-04,New York Mets,0,2,Detroit Tigers
2023-05-04,Pittsburgh Pirates,2,3,Tampa Bay Rays
2023-05-04,Los Angeles Angels,11,7,St. Louis Cardinals
2023-05-04,Baltimore Orioles,13,10,Kansas City Royals
2023-05-04,Minnesota Twins,7,3,Chicago White Sox
2023-05-04,Milwaukee Brewers,6,9,Colorado Rockies
2023-05-04,Seattle Mariners,5,3,Oakland Athletics
2023-05-04,Atlanta Braves,6,3,Miami Marlins
2023-05-04,Toronto Blue Jays,5,11,Boston Red Sox
2023-05-05,Miami Marlins,1,4,Chicago Cubs
2023-05-05,Toronto Blue Jays,4,0,Pittsburgh Pirates
2023-05-05,Chicago White Sox,5,4,Cincinnati Reds
2023-05-05,New York Yankees,4,5,Tampa Bay Rays
2023-05-05,Boston Red Sox,5,3,Philadelphia Phillies
2023-05-05,Colorado Rockies,0,1,New York Mets
2023-05-05,Minnesota Twins,2,0,Cleveland Guardians
2023-05-05,Baltimore Orioles,9,4,Atlanta Braves
2023-05-05,Oakland Athletics,12,8,Kansas City Royals
2023-05-05,Detroit Tigers,5,4,St. Louis Cardinals
2023-05-05,Texas Rangers,4,5,Los Angeles Angels
2023-05-05,Washington Nationals,1,3,Arizona Diamondbacks
2023-05-05,Los Angeles Dodgers,2,5,San Diego Padres
2023-05-05,Houston Astros,6,4,Seattle Mariners
2023-05-05,Milwaukee Brewers,4,6,San Francisco Giants
2023-05-06,Detroit Tigers,6,5,St. Louis Cardinals
2023-05-06,Miami Marlins,2,4,Chicago Cubs
2023-05-06,Colorado Rockies,5,2,New York Mets
2023-05-06,New York Yankees,3,2,Tampa Bay Rays
2023-05-06,Minnesota Twins,3,4,Cleveland Guardians
2023-05-06,Toronto Blue Jays,8,2,Pittsburgh Pirates
2023-05-06,Chicago White Sox,3,5,Cincinnati Reds
2023-05-06,Oakland Athletics,5,4,Kansas City Royals
2023-05-06,Boston Red Sox,7,4,Philadelphia Phillies
2023-05-06,Baltimore Orioles,4,5,Atlanta Braves
2023-05-06,Milwaukee Brewers,1,4,San Francisco Giants
2023-05-06,Washington Nationals,7,8,Arizona Diamondbacks
2023-05-06,Los Angeles Dodgers,2,1,San Diego Padres
2023-05-06,Texas Rangers,10,1,Los Angeles Angels
2023-05-06,Houston Astros,5,7,Seattle Mariners
2023-05-07,Baltimore Orioles,2,3,Atlanta Braves
2023-05-07,Toronto Blue Jays,10,1,Pittsburgh Pirates
2023-05-07,Boston Red Sox,1,6,Philadelphia Phillies
2023-05-07,Colorado Rockies,13,6,New York Mets
2023-05-07,Minnesota Twins,0,2,Cleveland Guardians
2023-05-07,New York Yankees,7,8,Tampa Bay Rays
2023-05-07,Oakland Athletics,1,5,Kansas City Royals
2023-05-07,Detroit Tigers,6,12,St. Louis Cardinals
2023-05-07,Miami Marlins,5,4,Chicago Cubs
2023-05-07,Milwaukee Brewers,7,3,San Francisco Giants
2023-05-07,Texas Rangers,16,8,Los Angeles Angels
2023-05-07,Washington Nationals,9,8,Arizona Diamondbacks
2023-05-07,Houston Astros,1,3,Seattle Mariners
2023-05-07,Chicago White Sox,17,4,Cincinnati Reds
2023-05-07,Los Angeles Dodgers,5,2,San Diego Padres
2023-05-08,Detroit Tigers,6,2,Cleveland Guardians
2023-05-08,Colorado Rockies,0,2,Pittsburgh Pirates
2023-05-08,Tampa Bay Rays,3,0,Baltimore Orioles
2023-05-08,Oakland Athletics,2,7,New York Yankees
2023-05-08,St. Louis Cardinals,3,1,Chicago Cubs
2023-05-08,Chicago White Sox,5,12,Kansas City Royals
2023-05-08,Los Angeles Dodgers,3,9,Milwaukee Brewers
2023-05-08,Houston Astros,4,6,Los Angeles Angels
2023-05-08,Texas Rangers,2,1,Seattle Mariners
2023-05-08,Miami Marlins,2,5,Arizona Diamondbacks
2023-05-08,Washington Nationals,5,1,San Francisco Giants
2023-05-09,Detroit Tigers,0,2,Cleveland Guardians
2023-05-09,Colorado Rockies,10,1,Pittsburgh Pirates
2023-05-09,Tampa Bay Rays,2,4,Baltimore Orioles
2023-05-09,New York Mets,6,7,Cincinnati Reds
2023-05-09,Toronto Blue Jays,4,8,Philadelphia Phillies
2023-05-09,Oakland Athletics,5,10,New York Yankees
2023-05-09,Boston Red Sox,3,9,Atlanta Braves
2023-05-09,St. Louis Cardinals,6,4,Chicago Cubs
2023-05-09,San Diego Padres,6,1,Minnesota Twins
2023-05-09,Chicago White Sox,4,2,Kansas City Royals
2023-05-09,Los Angeles Dodgers,6,2,Milwaukee Brewers
2023-05-09,Houston Astros,3,1,Los Angeles Angels
2023-05-09,Texas Rangers,0,5,Seattle Mariners
2023-05-09,Miami Marlins,6,2,Arizona Diamondbacks
2023-05-09,Washington Nationals,1,4,San Francisco Giants
2023-05-10,Colorado Rockies,4,3,Pittsburgh Pirates
2023-05-10,Oakland Athletics,3,11,New York Yankees
2023-05-10,Detroit Tigers,5,0,Cleveland Guardians
2023-05-10,Los Angeles Dodgers,8,1,Milwaukee Brewers
2023-05-10,Texas Rangers,4,3,Seattle Mariners
2023-05-10,Miami Marlins,5,4,Arizona Diamondbacks
2023-05-10,Washington Nationals,11,6,San Francisco Giants
2023-05-10,Toronto Blue Jays,1,2,Philadelphia Phillies
2023-05-10,Houston Astros,5,4,Los Angeles Angels
2023-05-10,Tampa Bay Rays,1,2,Baltimore Orioles
2023-05-10,New York Mets,2,1,Cincinnati Reds
2023-05-10,Boston Red Sox,5,2,Atlanta Braves
2023-05-10,St. Louis Cardinals,4,10,Chicago Cubs
2023-05-10,San Diego Padres,3,4,Minnesota Twins
2023-05-10,Chicago White Sox,1,9,Kansas City Royals
2023-05-11,New York Mets,0,5,Cincinnati Reds
2023-05-11,San Diego Padres,3,5,Minnesota Twins
2023-05-11,Chicago White Sox,3,4,Kansas City Royals
2023-05-11,Tampa Bay Rays,8,2,New York Yankees
2023-05-11,San Francisco Giants,6,2,Arizona Diamondbacks
2023-05-11,Texas Rangers,4,0,Oakland Athletics
2023-05-12,Seattle Mariners,9,2,Detroit Tigers
2023-05-12,Cincinnati Reds,7,4,Miami Marlins
2023-05-12,New York Mets,3,2,Washington Nationals
2023-05-12,Pittsburgh Pirates,3,6,Baltimore Orioles
2023-05-12,Tampa Bay Rays,5,6,New York Yankees
2023-05-12,Atlanta Braves,0,3,Toronto Blue Jays
2023-05-12,Los Angeles Angels,5,4,Cleveland Guardians
2023-05-12,St. Louis Cardinals,8,6,Boston Red Sox
2023-05-12,Chicago Cubs,6,2,Minnesota Twins
2023-05-12,Houston Astros,5,1,Chicago White Sox
2023-05-12,Kansas City Royals,1,5,Milwaukee Brewers
2023-05-12,Philadelphia Phillies,6,3,Colorado Rockies
2023-05-12,San Francisco Giants,5,7,Arizona Diamondbacks
2023-05-12,Texas Rangers,7,9,Oakland Athletics
2023-05-12,San Diego Padres,2,4,Los Angeles Dodgers
2023-05-13,Tampa Bay Rays,8,9,New York Yankees
2023-05-13,Seattle Mariners,5,0,Detroit Tigers
2023-05-13,Cincinnati Reds,6,5,Miami Marlins
2023-05-13,Chicago Cubs,1,11,Minnesota Twins
2023-05-13,Atlanta Braves,2,5,Toronto Blue Jays
2023-05-13,New York Mets,2,3,Washington Nationals
2023-05-13,Texas Rangers,5,0,Oakland Athletics
2023-05-13,St. Louis Cardinals,4,3,Boston Red Sox
2023-05-13,Los Angeles Angels,6,8,Cleveland Guardians
2023-05-13,Pittsburgh Pirates,0,2,Baltimore Orioles
2023-05-13,Kansas City Royals,3,4,Milwaukee Brewers
2023-05-13,San Diego Padres,2,4,Los Angeles Dodgers
2023-05-13,Houston Astros,1,3,Chicago White Sox
2023-05-13,San Francisco Giants,2,7,Arizona Diamondbacks
2023-05-13,Philadelphia Phillies,7,4,Colorado Rockies
2023-05-14,Los Angeles Angels,3,4,Cleveland Guardians
2023-05-14,New York Mets,2,3,Washington Nationals
2023-05-14,Pittsburgh Pirates,4,0,Baltimore Orioles
2023-05-14,Tampa Bay Rays,8,7,New York Yankees
2023-05-14,Atlanta Braves,5,6,Toronto Blue Jays
2023-05-14,Seattle Mariners,3,5,Detroit Tigers
2023-05-14,Cincinnati Reds,1,3,Miami Marlins
2023-05-14,Chicago Cubs,3,16,Minnesota Twins
2023-05-14,Houston Astros,4,3,Chicago White Sox
2023-05-14,Kansas City Royals,6,9,Milwaukee Brewers
2023-05-14,Philadelphia Phillies,0,4,Colorado Rockies
2023-05-14,Texas Rangers,11,3,Oakland Athletics
2023-05-14,San Diego Padres,0,4,Los Angeles Dodgers
2023-05-14,San Francisco Giants,1,2,Arizona Diamondbacks
2023-05-14,New York Mets,8,2,Washington Nationals
2023-05-14,St. Louis Cardinals,9,1,Boston Red Sox
2023-05-15,New York Mets,3,10,Washington Nationals
2023-05-15,Los Angeles Angels,9,5,Baltimore Orioles
2023-05-15,New York Yankees,7,4,Toronto Blue Jays
2023-05-15,Seattle Mariners,10,1,Boston Red Sox
2023-05-15,Milwaukee Brewers,1,18,St. Louis Cardinals
2023-05-15,Atlanta Braves,12,0,Texas Rangers
2023-05-15,Chicago Cubs,4,6,Houston Astros
2023-05-15,Cincinnati Reds,8,9,Colorado Rockies
2023-05-15,Arizona Diamondbacks,5,2,Oakland Athletics
2023-05-15,Kansas City Royals,0,4,San Diego Padres
2023-05-15,Philadelphia Phillies,3,6,San Francisco Giants
2023-05-15,Minnesota Twins,8,9,Los Angeles Dodgers
2023-05-16,Los Angeles Angels,3,7,Baltimore Orioles
2023-05-16,Pittsburgh Pirates,0,4,Detroit Tigers
2023-05-16,Washington Nationals,4,5,Miami Marlins
2023-05-16,New York Yankees,6,3,Toronto Blue Jays
2023-05-16,Seattle Mariners,4,9,Boston Red Sox
2023-05-16,Tampa Bay Rays,8,5,New York Mets
2023-05-16,Milwaukee Brewers,3,2,St. Louis Cardinals
2023-05-16,Atlanta Braves,4,7,Texas Rangers
2023-05-16,Chicago Cubs,3,7,Houston Astros
2023-05-16,Cleveland Guardians,3,8,Chicago White Sox
2023-05-16,Cincinnati Reds,3,1,Colorado Rockies
2023-05-16,Arizona Diamondbacks,8,9,Oakland Athletics
2023-05-16,Kansas City Royals,5,4,San Diego Padres
2023-05-16,Philadelphia Phillies,3,4,San Francisco Giants
2023-05-16,Minnesota Twins,5,1,Los Angeles Dodgers
2023-05-17,Pittsburgh Pirates,8,0,Detroit Tigers
2023-05-17,Cincinnati Reds,6,11,Colorado Rockies
2023-05-17,Minnesota Twins,3,7,Los Angeles Dodgers
2023-05-17,Arizona Diamondbacks,5,3,Oakland Athletics
2023-05-17,Philadelphia Phillies,4,7,San Francisco Giants
2023-05-17,Kansas City Royals,4,3,San Diego Padres
2023-05-17,Los Angeles Angels,1,3,Baltimore Orioles
2023-05-17,Washington Nationals,3,4,Miami Marlins
2023-05-17,New York Yankees,0,3,Toronto Blue Jays
2023-05-17,Seattle Mariners,3,12,Boston Red Sox
2023-05-17,Tampa Bay Rays,7,8,New York Mets
2023-05-17,Milwaukee Brewers,0,3,St. Louis Cardinals
2023-05-17,Atlanta Braves,6,5,Texas Rangers
2023-05-17,Chicago Cubs,6,7,Houston Astros
2023-05-17,Cleveland Guardians,2,7,Chicago White Sox
2023-05-18,Los Angeles Angels,6,5,Baltimore Orioles
2023-05-18,Tampa Bay Rays,2,3,New York Mets
2023-05-18,Washington Nationals,3,5,Miami Marlins
2023-05-18,Cleveland Guardians,3,1,Chicago White Sox
2023-05-18,New York Yankees,4,2,Toronto Blue Jays
2023-05-18,Los Angeles Dodgers,8,16,St. Louis Cardinals
2023-05-19,Arizona Diamondbacks,3,13,Pittsburgh Pirates
2023-05-19,New York Yankees,6,2,Cincinnati Reds
2023-05-19,Milwaukee Brewers,0,1,Tampa Bay Rays
2023-05-19,Detroit Tigers,8,6,Washington Nationals
2023-05-19,Chicago Cubs,10,1,Philadelphia Phillies
2023-05-19,Baltimore Orioles,6,2,Toronto Blue Jays
2023-05-19,Cleveland Guardians,9,10,New York Mets
2023-05-19,Seattle Mariners,2,6,Atlanta Braves
2023-05-19,Colorado Rockies,2,7,Texas Rangers
2023-05-19,Oakland Athletics,1,5,Houston Astros
2023-05-19,Kansas City Royals,0,2,Chicago White Sox
2023-05-19,Los Angeles Dodgers,5,0,St. Louis Cardinals
2023-05-19,Minnesota Twins,4,5,Los Angeles Angels
2023-05-19,Boston Red Sox,6,1,San Diego Padres
2023-05-19,Miami Marlins,3,4,San Francisco Giants
2023-05-20,Kansas City Royals,1,5,Chicago White Sox
2023-05-20,Baltimore Orioles,6,5,Toronto Blue Jays
2023-05-20,Detroit Tigers,2,5,Washington Nationals
2023-05-20,Arizona Diamondbacks,4,3,Pittsburgh Pirates
2023-05-20,Colorado Rockies,5,11,Texas Rangers
2023-05-20,Chicago Cubs,3,12,Philadelphia Phillies
2023-05-20,Miami Marlins,1,0,San Francisco Giants
2023-05-20,Oakland Athletics,2,3,Houston Astros
2023-05-20,New York Yankees,7,4,Cincinnati Reds
2023-05-20,Milwaukee Brewers,4,8,Tampa Bay Rays
2023-05-20,Los Angeles Dodgers,5,6,St. Louis Cardinals
2023-05-20,Seattle Mariners,7,3,Atlanta Braves
2023-05-20,Minnesota Twins,6,2,Los Angeles Angels
2023-05-20,Boston Red Sox,4,2,San Diego Padres
2023-05-21,New York Yankees,4,1,Cincinnati Reds
2023-05-21,Detroit Tigers,4,6,Washington Nationals
2023-05-21,Arizona Diamondbacks,8,3,Pittsburgh Pirates
2023-05-21,Chicago Cubs,1,2,Philadelphia Phillies
2023-05-21,Seattle Mariners,2,3,Atlanta Braves
2023-05-21,Baltimore Orioles,8,3,Toronto Blue Jays
2023-05-21,Cleveland Guardians,4,5,New York Mets
2023-05-21,Cleveland Guardians,1,2,New York Mets
2023-05-21,Milwaukee Brewers,6,4,Tampa Bay Rays
2023-05-21,Oakland Athletics,0,2,Houston Astros
2023-05-21,Kansas City Royals,2,5,Chicago White Sox
2023-05-21,Los Angeles Dodgers,5,10,St. Louis Cardinals
2023-05-21,Colorado Rockies,3,13,Texas Rangers
2023-05-21,Miami Marlins,5,7,San Francisco Giants
2023-05-21,Minnesota Twins,2,4,Los Angeles Angels
2023-05-21,Boston Red Sox,0,7,San Diego Padres
2023-05-22,Chicago White Sox,0,3,Cleveland Guardians
2023-05-22,Texas Rangers,4,6,Pittsburgh Pirates
2023-05-22,St. Louis Cardinals,5,6,Cincinnati Reds
2023-05-22,Toronto Blue Jays,4,6,Tampa Bay Rays
2023-05-22,Arizona Diamondbacks,6,3,Philadelphia Phillies
2023-05-22,Los Angeles Dodgers,8,6,Atlanta Braves
2023-05-22,Detroit Tigers,8,5,Kansas City Royals
2023-05-22,San Francisco Giants,4,1,Minnesota Twins
2023-05-22,Houston Astros,12,2,Milwaukee Brewers
2023-05-22,Miami Marlins,3,5,Colorado Rockies
2023-05-22,Boston Red Sox,1,2,Los Angeles Angels
2023-05-22,Oakland Athletics,2,11,Seattle Mariners
2023-05-23,Chicago White Sox,4,2,Cleveland Guardians
2023-05-23,Texas Rangers,6,1,Pittsburgh Pirates
2023-05-23,St. Louis Cardinals,8,5,Cincinnati Reds
2023-05-23,Toronto Blue Jays,20,1,Tampa Bay Rays
2023-05-23,Arizona Diamondbacks,4,3,Philadelphia Phillies
2023-05-23,San Diego Padres,7,4,Washington Nationals
2023-05-23,Baltimore Orioles,5,6,New York Yankees
2023-05-23,Los Angeles Dodgers,8,1,Atlanta Braves
2023-05-23,Detroit Tigers,1,4,Kansas City Royals
2023-05-23,New York Mets,2,7,Chicago Cubs
2023-05-23,San Francisco Giants,4,3,Minnesota Twins
2023-05-23,Houston Astros,0,6,Milwaukee Brewers
2023-05-23,Miami Marlins,4,5,Colorado Rockies
2023-05-23,Boston Red Sox,0,4,Los Angeles Angels
2023-05-23,Oakland Athletics,2,3,Seattle Mariners
2023-05-24,Texas Rangers,3,2,Pittsburgh Pirates
2023-05-24,Arizona Diamondbacks,5,6,Philadelphia Phillies
2023-05-24,San Francisco Giants,1,7,Minnesota Twins
2023-05-24,Chicago White Sox,6,0,Cleveland Guardians
2023-05-24,Houston Astros,0,4,Milwaukee Brewers
2023-05-24,St. Louis Cardinals,3,10,Cincinnati Reds
2023-05-24,Toronto Blue Jays,3,7,Tampa Bay Rays
2023-05-24,San Diego Padres,3,5,Washington Nationals
2023-05-24,Baltimore Orioles,9,6,New York Yankees
2023-05-24,Los Angeles Dodgers,3,4,Atlanta Braves
2023-05-24,Detroit Tigers,6,4,Kansas City Royals
2023-05-24,New York Mets,2,4,Chicago Cubs
2023-05-24,Miami Marlins,10,2,Colorado Rockies
2023-05-24,Boston Red Sox,3,7,Los Angeles Angels
2023-05-24,Oakland Athletics,1,6,Seattle Mariners
2023-05-25,St. Louis Cardinals,2,1,Cincinnati Reds
2023-05-25,Toronto Blue Jays,3,6,Tampa Bay Rays
2023-05-25,Miami Marlins,6,7,Colorado Rockies
2023-05-25,San Diego Padres,8,6,Washington Nationals
2023-05-25,Chicago White Sox,2,7,Detroit Tigers
2023-05-25,Baltimore Orioles,3,1,New York Yankees
2023-05-25,Philadelphia Phillies,5,8,Atlanta Braves
2023-05-25,New York Mets,10,1,Chicago Cubs
2023-05-25,San Francisco Giants,5,0,Milwaukee Brewers
2023-05-25,Oakland Athletics,2,3,Seattle Mariners
2023-05-26,Cincinnati Reds,9,0,Chicago Cubs
2023-05-26,Los Angeles Dodgers,3,9,Tampa Bay Rays
2023-05-26,Chicago White Sox,12,3,Detroit Tigers
2023-05-26,Texas Rangers,12,2,Baltimore Orioles
2023-05-26,San Diego Padres,5,1,New York Yankees
2023-05-26,St. Louis Cardinals,3,4,Cleveland Guardians
2023-05-26,Philadelphia Phillies,6,4,Atlanta Braves
2023-05-26,Washington Nationals,12,10,Kansas City Royals
2023-05-26,Toronto Blue Jays,3,1,Minnesota Twins
2023-05-26,San Francisco Giants,15,1,Milwaukee Brewers
2023-05-26,New York Mets,5,2,Colorado Rockies
2023-05-26,Miami Marlins,6,2,Los Angeles Angels
2023-05-26,Boston Red Sox,7,2,Arizona Diamondbacks
2023-05-26,Houston Astros,5,2,Oakland Athletics
2023-05-26,Pittsburgh Pirates,11,6,Seattle Mariners
2023-05-27,San Diego Padres,2,3,New York Yankees
2023-05-27,Chicago White Sox,3,7,Detroit Tigers
2023-05-27,Toronto Blue Jays,7,9,Minnesota Twins
2023-05-27,Texas Rangers,5,3,Baltimore Orioles
2023-05-27,Houston Astros,6,3,Oakland Athletics
2023-05-27,Washington Nationals,4,2,Kansas City Royals
2023-05-27,Pittsburgh Pirates,0,5,Seattle Mariners
2023-05-27,Los Angeles Dodgers,6,5,Tampa Bay Rays
2023-05-27,Philadelphia Phillies,2,1,Atlanta Braves
2023-05-27,San Francisco Giants,3,1,Milwaukee Brewers
2023-05-27,Boston Red Sox,2,1,Arizona Diamondbacks
2023-05-27,Cincinnati Reds,8,5,Chicago Cubs
2023-05-27,St. Louis Cardinals,2,1,Cleveland Guardians
2023-05-27,New York Mets,7,10,Colorado Rockies
2023-05-27,Miami Marlins,8,5,Los Angeles Angels
2023-05-28,Los Angeles Dodgers,10,11,Tampa Bay Rays
2023-05-28,Texas Rangers,2,3,Baltimore Orioles
2023-05-28,San Diego Padres,7,10,New York Yankees
2023-05-28,St. Louis Cardinals,3,4,Cleveland Guardians
2023-05-28,Chicago White Sox,5,6,Detroit Tigers
2023-05-28,Washington Nationals,2,3,Kansas City Royals
2023-05-28,Toronto Blue Jays,3,0,Minnesota Twins
2023-05-28,San Francisco Giants,5,7,Milwaukee Brewers
2023-05-28,Cincinnati Reds,8,5,Chicago Cubs
2023-05-28,New York Mets,10,11,Colorado Rockies
2023-05-28,Houston Astros,10,1,Oakland Athletics
2023-05-28,Miami Marlins,2,0,Los Angeles Angels
2023-05-28,Boston Red Sox,2,4,Arizona Diamondbacks
2023-05-28,Pittsburgh Pirates,3,6,Seattle Mariners
2023-05-28,Philadelphia Phillies,4,11,Atlanta Braves
2023-05-29,Cleveland Guardians,5,0,Baltimore Orioles
2023-05-29,Texas Rangers,5,0,Detroit Tigers
2023-05-29,Kansas City Royals,7,0,St. Louis Cardinals
2023-05-29,Tampa Bay Rays,0,1,Chicago Cubs
2023-05-29,Colorado Rockies,5,7,Arizona Diamondbacks
2023-05-29,Minnesota Twins,7,5,Houston Astros
2023-05-29,Pittsburgh Pirates,4,14,San Francisco Giants
2023-05-29,Atlanta Braves,2,7,Oakland Athletics
2023-05-29,Los Angeles Angels,6,4,Chicago White Sox
2023-05-29,Washington Nationals,1,6,Los Angeles Dodgers
2023-05-29,New York Yankees,10,4,Seattle Mariners
2023-05-30,Texas Rangers,10,6,Detroit Tigers
2023-05-30,San Diego Padres,9,4,Miami Marlins
2023-05-30,Cleveland Guardians,5,8,Baltimore Orioles
2023-05-30,Milwaukee Brewers,2,7,Toronto Blue Jays
2023-05-30,Cincinnati Reds,9,8,Boston Red Sox
2023-05-30,Philadelphia Phillies,0,2,New York Mets
2023-05-30,Kansas City Royals,1,2,St. Louis Cardinals
2023-05-30,Tampa Bay Rays,1,2,Chicago Cubs
2023-05-30,Minnesota Twins,1,5,Houston Astros
2023-05-30,Los Angeles Angels,3,7,Chicago White Sox
2023-05-30,Colorado Rockies,1,5,Arizona Diamondbacks
2023-05-30,Atlanta Braves,1,2,Oakland Athletics
2023-05-30,New York Yankees,10,2,Seattle Mariners
2023-05-30,Pittsburgh Pirates,2,1,San Francisco Giants
2023-05-30,Washington Nationals,3,9,Los Angeles Dodgers
2023-05-31,Texas Rangers,2,3,Detroit Tigers
2023-05-31,Los Angeles Angels,12,5,Chicago White Sox
2023-05-31,Tampa Bay Rays,4,3,Chicago Cubs
2023-05-31,Cleveland Guardians,12,8,Baltimore Orioles
2023-05-31,Atlanta Braves,4,2,Oakland Athletics
2023-05-31,Pittsburgh Pirates,9,4,San Francisco Giants
2023-05-31,Washington Nationals,10,6,Los Angeles Dodgers
2023-05-31,San Diego Padres,1,2,Miami Marlins
2023-05-31,Milwaukee Brewers,4,2,Toronto Blue Jays
2023-05-31,Cincinnati Reds,5,4,Boston Red Sox
2023-05-31,Philadelphia Phillies,1,4,New York Mets
2023-05-31,Minnesota Twins,8,2,Houston Astros
2023-05-31,Colorado Rockies,0,6,Arizona Diamondbacks
2023-05-31,New York Yankees,0,1,Seattle Mariners
2023-06-01,Milwaukee Brewers,1,3,Toronto Blue Jays
2023-06-01,Philadelphia Phillies,2,4,New York Mets
2023-06-01,San Diego Padres,10,1,Miami Marlins
2023-06-01,Colorado Rockies,4,5,Arizona Diamondbacks
2023-06-01,Cincinnati Reds,2,8,Boston Red Sox
2023-06-01,Cleveland Guardians,6,7,Minnesota Twins
2023-06-01,Los Angeles Angels,2,5,Houston Astros
2023-06-02,Milwaukee Brewers,5,4,Cincinnati Reds
2023-06-02,Oakland Athletics,0,4,Miami Marlins
2023-06-02,St. Louis Cardinals,5,7,Pittsburgh Pirates
2023-06-02,Philadelphia Phillies,7,8,Washington Nationals
2023-06-02,Toronto Blue Jays,3,0,New York Mets
2023-06-02,Seattle Mariners,0,2,Texas Rangers
2023-06-02,Los Angeles Angels,2,6,Houston Astros
2023-06-02,Colorado Rockies,7,2,Kansas City Royals
2023-06-02,Cleveland Guardians,0,1,Minnesota Twins
2023-06-02,Detroit Tigers,0,3,Chicago White Sox
2023-06-02,Chicago Cubs,2,1,San Diego Padres
2023-06-02,Atlanta Braves,2,3,Arizona Diamondbacks
2023-06-02,New York Yankees,4,8,Los Angeles Dodgers
2023-06-02,Baltimore Orioles,3,2,San Francisco Giants
2023-06-03,Tampa Bay Rays,5,8,Boston Red Sox
2023-06-03,Tampa Bay Rays,4,2,Boston Red Sox
2023-06-03,Detroit Tigers,1,2,Chicago White Sox
2023-06-03,St. Louis Cardinals,3,4,Pittsburgh Pirates
2023-06-03,Seattle Mariners,6,16,Texas Rangers
2023-06-03,Philadelphia Phillies,4,2,Washington Nationals
2023-06-03,Los Angeles Angels,6,9,Houston Astros
2023-06-03,Colorado Rockies,6,4,Kansas City Royals
2023-06-03,Toronto Blue Jays,2,1,New York Mets
2023-06-03,Oakland Athletics,1,12,Miami Marlins
2023-06-03,Milwaukee Brewers,10,8,Cincinnati Reds
2023-06-03,Cleveland Guardians,4,2,Minnesota Twins
2023-06-03,New York Yankees,6,3,Los Angeles Dodgers
2023-06-03,Baltimore Orioles,0,4,San Francisco Giants
2023-06-03,Chicago Cubs,0,6,San Diego Padres
2023-06-03,Atlanta Braves,5,2,Arizona Diamondbacks
2023-06-04,St. Louis Cardinals,1,2,Pittsburgh Pirates
2023-06-04,Tampa Bay Rays,6,2,Boston Red Sox
2023-06-04,Philadelphia Phillies,11,3,Washington Nationals
2023-06-04,Toronto Blue Jays,6,4,New York Mets
2023-06-04,Oakland Athletics,5,7,Miami Marlins
2023-06-04,Milwaukee Brewers,5,1,Cincinnati Reds
2023-06-04,Los Angeles Angels,2,1,Houston Astros
2023-06-04,Colorado Rockies,0,2,Kansas City Royals
2023-06-04,Cleveland Guardians,2,1,Minnesota Twins
2023-06-04,Detroit Tigers,2,6,Chicago White Sox
2023-06-04,Seattle Mariners,3,12,Texas Rangers
2023-06-04,Baltimore Orioles,8,3,San Francisco Giants
2023-06-04,Atlanta Braves,8,5,Arizona Diamondbacks
2023-06-04,Chicago Cubs,7,1,San Diego Padres
2023-06-04,New York Yankees,4,1,Los Angeles Dodgers
2023-06-05,Tampa Bay Rays,4,1,Boston Red Sox
2023-06-05,Detroit Tigers,3,8,Philadelphia Phillies
2023-06-05,Kansas City Royals,6,9,Miami Marlins
2023-06-05,Oakland Athletics,4,5,Pittsburgh Pirates
2023-06-05,Houston Astros,11,4,Toronto Blue Jays
2023-06-05,Milwaukee Brewers,0,2,Cincinnati Reds
2023-06-05,St. Louis Cardinals,3,4,Texas Rangers
2023-06-05,Chicago Cubs,0,5,San Diego Padres
2023-06-06,Minnesota Twins,0,7,Tampa Bay Rays
2023-06-06,Detroit Tigers,0,1,Philadelphia Phillies
2023-06-06,Kansas City Royals,1,6,Miami Marlins
2023-06-06,Arizona Diamondbacks,10,5,Washington Nationals
2023-06-06,Oakland Athletics,11,2,Pittsburgh Pirates
2023-06-06,Chicago White Sox,3,2,New York Yankees
2023-06-06,Houston Astros,1,5,Toronto Blue Jays
2023-06-06,Boston Red Sox,5,4,Cleveland Guardians
2023-06-06,Los Angeles Dodgers,8,9,Cincinnati Reds
2023-06-06,New York Mets,4,6,Atlanta Braves
2023-06-06,Baltimore Orioles,3,4,Milwaukee Brewers
2023-06-06,St. Louis Cardinals,4,6,Texas Rangers
2023-06-06,San Francisco Giants,10,4,Colorado Rockies
2023-06-06,Chicago Cubs,4,7,Los Angeles Angels
2023-06-06,Seattle Mariners,4,1,San Diego Padres
2023-06-07,Oakland Athletics,9,5,Pittsburgh Pirates
2023-06-07,Seattle Mariners,3,10,San Diego Padres
2023-06-07,Kansas City Royals,1,6,Miami Marlins
2023-06-07,Minnesota Twins,1,2,Tampa Bay Rays
2023-06-07,Arizona Diamondbacks,6,2,Washington Nationals
2023-06-07,Houston Astros,2,3,Toronto Blue Jays
2023-06-07,Boston Red Sox,2,5,Cleveland Guardians
2023-06-07,Los Angeles Dodgers,6,8,Cincinnati Reds
2023-06-07,New York Mets,5,7,Atlanta Braves
2023-06-07,Baltimore Orioles,2,10,Milwaukee Brewers
2023-06-07,St. Louis Cardinals,1,0,Texas Rangers
2023-06-07,San Francisco Giants,5,4,Colorado Rockies
2023-06-07,Chicago Cubs,2,6,Los Angeles Angels
2023-06-08,Los Angeles Dodgers,6,0,Cincinnati Reds
2023-06-08,Minnesota Twins,2,4,Tampa Bay Rays
2023-06-08,Baltimore Orioles,6,3,Milwaukee Brewers
2023-06-08,San Francisco Giants,6,4,Colorado Rockies
2023-06-08,Chicago White Sox,6,5,New York Yankees
2023-06-08,Chicago White Sox,0,3,New York Yankees
2023-06-08,Detroit Tigers,2,3,Philadelphia Phillies
2023-06-08,Houston Astros,2,3,Toronto Blue Jays
2023-06-08,Boston Red Sox,3,10,Cleveland Guardians
2023-06-08,New York Mets,10,13,Atlanta Braves
2023-06-08,Chicago Cubs,1,3,Los Angeles Angels
2023-06-09,Arizona Diamondbacks,11,6,Detroit Tigers
2023-06-09,Texas Rangers,3,8,Tampa Bay Rays
2023-06-09,Kansas City Royals,2,3,Baltimore Orioles
2023-06-09,New York Mets,7,14,Pittsburgh Pirates
2023-06-09,Los Angeles Dodgers,4,5,Philadelphia Phillies
2023-06-09,Boston Red Sox,3,2,New York Yankees
2023-06-09,Minnesota Twins,3,2,Toronto Blue Jays
2023-06-09,Houston Astros,9,10,Cleveland Guardians
2023-06-09,Washington Nationals,2,3,Atlanta Braves
2023-06-09,Miami Marlins,1,2,Chicago White Sox
2023-06-09,Oakland Athletics,5,2,Milwaukee Brewers
2023-06-09,Cincinnati Reds,4,7,St. Louis Cardinals
2023-06-09,San Diego Padres,9,6,Colorado Rockies
2023-06-09,Seattle Mariners,4,5,Los Angeles Angels
2023-06-09,Chicago Cubs,3,2,San Francisco Giants
2023-06-10,Arizona Diamondbacks,5,0,Detroit Tigers
2023-06-10,Miami Marlins,5,1,Chicago White Sox
2023-06-10,Cincinnati Reds,8,4,St. Louis Cardinals
2023-06-10,Minnesota Twins,9,4,Toronto Blue Jays
2023-06-10,San Diego Padres,3,2,Colorado Rockies
2023-06-10,Kansas City Royals,1,6,Baltimore Orioles
2023-06-10,New York Mets,5,1,Pittsburgh Pirates
2023-06-10,Los Angeles Dodgers,9,0,Philadelphia Phillies
2023-06-10,Texas Rangers,8,4,Tampa Bay Rays
2023-06-10,Washington Nationals,4,6,Atlanta Braves
2023-06-10,Oakland Athletics,2,1,Milwaukee Brewers
2023-06-10,Houston Astros,6,4,Cleveland Guardians
2023-06-10,Chicago Cubs,4,0,San Francisco Giants
2023-06-10,Boston Red Sox,1,3,New York Yankees
2023-06-10,Seattle Mariners,6,2,Los Angeles Angels
2023-06-11,Arizona Diamondbacks,7,5,Detroit Tigers
2023-06-11,Houston Astros,0,5,Cleveland Guardians
2023-06-11,Kansas City Royals,3,11,Baltimore Orioles
2023-06-11,New York Mets,1,2,Pittsburgh Pirates
2023-06-11,Los Angeles Dodgers,3,7,Philadelphia Phillies
2023-06-11,Washington Nationals,6,2,Atlanta Braves
2023-06-11,Minnesota Twins,6,7,Toronto Blue Jays
2023-06-11,Texas Rangers,3,7,Tampa Bay Rays
2023-06-11,Miami Marlins,6,5,Chicago White Sox
2023-06-11,Oakland Athletics,8,6,Milwaukee Brewers
2023-06-11,Cincinnati Reds,4,3,St. Louis Cardinals
2023-06-11,San Diego Padres,4,5,Colorado Rockies
2023-06-11,Chicago Cubs,3,13,San Francisco Giants
2023-06-11,Seattle Mariners,4,9,Los Angeles Angels
2023-06-11,Boston Red Sox,3,2,New York Yankees
2023-06-12,Atlanta Braves,5,6,Detroit Tigers
2023-06-12,Colorado Rockies,4,3,Boston Red Sox
2023-06-12,San Francisco Giants,4,3,St. Louis Cardinals
2023-06-12,Los Angeles Angels,9,6,Texas Rangers
2023-06-12,Cincinnati Reds,5,4,Kansas City Royals
2023-06-12,Tampa Bay Rays,3,4,Oakland Athletics
2023-06-12,Philadelphia Phillies,8,9,Arizona Diamondbacks
2023-06-12,Miami Marlins,1,8,Seattle Mariners
2023-06-13,Toronto Blue Jays,6,11,Baltimore Orioles
2023-06-13,Colorado Rockies,7,6,Boston Red Sox
2023-06-13,New York Yankees,7,6,New York Mets
2023-06-13,Milwaukee Brewers,5,7,Minnesota Twins
2023-06-13,San Francisco Giants,11,3,St. Louis Cardinals
2023-06-13,Pittsburgh Pirates,3,11,Chicago Cubs
2023-06-13,Los Angeles Angels,7,3,Texas Rangers
2023-06-13,Cincinnati Reds,5,4,Kansas City Royals
2023-06-13,Washington Nationals,1,6,Houston Astros
2023-06-13,Cleveland Guardians,3,6,San Diego Padres
2023-06-13,Tampa Bay Rays,1,2,Oakland Athletics
2023-06-13,Philadelphia Phillies,15,3,Arizona Diamondbacks
2023-06-13,Miami Marlins,3,9,Seattle Mariners
2023-06-13,Chicago White Sox,1,5,Los Angeles Dodgers
2023-06-14,Atlanta Braves,10,7,Detroit Tigers
2023-06-14,Atlanta Braves,6,5,Detroit Tigers
2023-06-14,Milwaukee Brewers,2,4,Minnesota Twins
2023-06-14,San Francisco Giants,8,5,St. Louis Cardinals
2023-06-14,Toronto Blue Jays,3,1,Baltimore Orioles
2023-06-14,Colorado Rockies,3,6,Boston Red Sox
2023-06-14,New York Yankees,3,4,New York Mets
2023-06-14,Pittsburgh Pirates,6,10,Chicago Cubs
2023-06-14,Los Angeles Angels,3,6,Texas Rangers
2023-06-14,Cincinnati Reds,7,4,Kansas City Royals
2023-06-14,Washington Nationals,4,5,Houston Astros
2023-06-14,Cleveland Guardians,0,5,San Diego Padres
2023-06-14,Tampa Bay Rays,6,3,Oakland Athletics
2023-06-14,Philadelphia Phillies,4,3,Arizona Diamondbacks
2023-06-14,Miami Marlins,4,1,Seattle Mariners
2023-06-14,Chicago White Sox,8,4,Los Angeles Dodgers
2023-06-15,Toronto Blue Jays,2,4,Baltimore Orioles
2023-06-15,Tampa Bay Rays,4,3,Oakland Athletics
2023-06-15,Philadelphia Phillies,5,4,Arizona Diamondbacks
2023-06-15,Detroit Tigers,8,4,Minnesota Twins
2023-06-15,Colorado Rockies,3,8,Atlanta Braves
2023-06-15,Pittsburgh Pirates,2,7,Chicago Cubs
2023-06-15,Los Angeles Angels,5,3,Texas Rangers
2023-06-15,Washington Nationals,4,1,Houston Astros
2023-06-15,Cleveland Guardians,8,6,San Diego Padres
2023-06-15,Chicago White Sox,4,5,Los Angeles Dodgers
2023-06-16,Baltimore Orioles,3,10,Chicago Cubs
2023-06-16,Miami Marlins,6,5,Washington Nationals
2023-06-16,St. Louis Cardinals,1,6,New York Mets
2023-06-16,New York Yankees,5,15,Boston Red Sox
2023-06-16,Colorado Rockies,1,8,Atlanta Braves
2023-06-16,Toronto Blue Jays,2,1,Texas Rangers
2023-06-16,Cincinnati Reds,2,1,Houston Astros
2023-06-16,Los Angeles Angels,3,0,Kansas City Royals
2023-06-16,Detroit Tigers,7,1,Minnesota Twins
2023-06-16,Pittsburgh Pirates,4,5,Milwaukee Brewers
2023-06-16,Cleveland Guardians,1,5,Arizona Diamondbacks
2023-06-16,Tampa Bay Rays,6,2,San Diego Padres
2023-06-16,Philadelphia Phillies,6,1,Oakland Athletics
2023-06-16,San Francisco Giants,7,5,Los Angeles Dodgers
2023-06-16,Chicago White Sox,2,3,Seattle Mariners
2023-06-17,Detroit Tigers,0,2,Minnesota Twins
2023-06-17,Baltimore Orioles,2,3,Chicago Cubs
2023-06-17,Toronto Blue Jays,2,4,Texas Rangers
2023-06-17,Miami Marlins,5,2,Washington Nationals
2023-06-17,Philadelphia Phillies,3,2,Oakland Athletics
2023-06-17,Cincinnati Reds,10,3,Houston Astros
2023-06-17,Los Angeles Angels,9,10,Kansas City Royals
2023-06-17,St. Louis Cardinals,5,3,New York Mets
2023-06-17,Colorado Rockies,2,10,Atlanta Braves
2023-06-17,Chicago White Sox,4,3,Seattle Mariners
2023-06-17,Pittsburgh Pirates,0,5,Milwaukee Brewers
2023-06-17,Tampa Bay Rays,0,2,San Diego Padres
2023-06-17,San Francisco Giants,15,0,Los Angeles Dodgers
2023-06-17,Cleveland Guardians,3,6,Arizona Diamondbacks
2023-06-18,Baltimore Orioles,6,3,Chicago Cubs
2023-06-18,Colorado Rockies,6,14,Atlanta Braves
2023-06-18,Miami Marlins,4,2,Washington Nationals
2023-06-18,New York Yankees,2,6,Boston Red Sox
2023-06-18,New York Yankees,1,4,Boston Red Sox
2023-06-18,St. Louis Cardinals,8,7,New York Mets
2023-06-18,Cincinnati Reds,9,7,Houston Astros
2023-06-18,Los Angeles Angels,5,2,Kansas City Royals
2023-06-18,Detroit Tigers,6,4,Minnesota Twins
2023-06-18,Pittsburgh Pirates,2,5,Milwaukee Brewers
2023-06-18,Toronto Blue Jays,7,11,Texas Rangers
2023-06-18,Philadelphia Phillies,3,2,Oakland Athletics
2023-06-18,Cleveland Guardians,12,3,Arizona Diamondbacks
2023-06-18,San Francisco Giants,7,3,Los Angeles Dodgers
2023-06-18,Tampa Bay Rays,4,5,San Diego Padres
2023-06-18,Chicago White Sox,1,5,Seattle Mariners
2023-06-19,St. Louis Cardinals,8,6,Washington Nationals
2023-06-19,Kansas City Royals,4,6,Detroit Tigers
2023-06-19,Toronto Blue Jays,0,11,Miami Marlins
2023-06-19,Chicago Cubs,8,0,Pittsburgh Pirates
2023-06-19,Colorado Rockies,4,5,Cincinnati Reds
2023-06-19,Boston Red Sox,9,3,Minnesota Twins
2023-06-19,New York Mets,11,1,Houston Astros
2023-06-19,Texas Rangers,5,2,Chicago White Sox
2023-06-19,Arizona Diamondbacks,9,1,Milwaukee Brewers
2023-06-19,San Diego Padres,4,7,San Francisco Giants
2023-06-20,Kansas City Royals,1,0,Detroit Tigers
2023-06-20,Baltimore Orioles,8,6,Tampa Bay Rays
2023-06-20,Atlanta Braves,4,2,Philadelphia Phillies
2023-06-20,Toronto Blue Jays,2,0,Miami Marlins
2023-06-20,Chicago Cubs,4,0,Pittsburgh Pirates
2023-06-20,St. Louis Cardinals,9,3,Washington Nationals
2023-06-20,Seattle Mariners,1,3,New York Yankees
2023-06-20,Colorado Rockies,6,8,Cincinnati Reds
2023-06-20,Oakland Athletics,2,3,Cleveland Guardians
2023-06-20,Boston Red Sox,10,4,Minnesota Twins
2023-06-20,New York Mets,2,4,Houston Astros
2023-06-20,Texas Rangers,6,7,Chicago White Sox
2023-06-20,Arizona Diamondbacks,5,7,Milwaukee Brewers
2023-06-20,San Diego Padres,3,4,San Francisco Giants
2023-06-20,Los Angeles Dodgers,2,0,Los Angeles Angels
2023-06-21,Baltimore Orioles,2,7,Tampa Bay Rays
2023-06-21,Toronto Blue Jays,6,3,Miami Marlins
2023-06-21,Colorado Rockies,3,5,Cincinnati Reds
2023-06-21,Chicago Cubs,8,3,Pittsburgh Pirates
2023-06-21,Kansas City Royals,4,9,Detroit Tigers
2023-06-21,New York Mets,8,10,Houston Astros
2023-06-21,Arizona Diamondbacks,5,1,Milwaukee Brewers
2023-06-21,St. Louis Cardinals,0,3,Washington Nationals
2023-06-21,Seattle Mariners,2,4,New York Yankees
2023-06-21,Oakland Athletics,6,7,Cleveland Guardians
2023-06-21,Boston Red Sox,4,5,Minnesota Twins
2023-06-21,Texas Rangers,6,3,Chicago White Sox
2023-06-21,Los Angeles Dodgers,2,0,Los Angeles Angels
2023-06-21,San Diego Padres,2,4,San Francisco Giants
2023-06-22,Arizona Diamondbacks,5,3,Washington Nationals
2023-06-22,Atlanta Braves,5,1,Philadelphia Phillies
2023-06-22,Oakland Athletics,1,6,Cleveland Guardians
2023-06-22,Boston Red Sox,0,6,Minnesota Twins
2023-06-22,San Diego Padres,10,0,San Francisco Giants
2023-06-22,Kansas City Royals,6,5,Tampa Bay Rays
2023-06-22,Pittsburgh Pirates,4,6,Miami Marlins
2023-06-22,Seattle Mariners,10,2,New York Yankees
2023-06-23,Kansas City Royals,3,11,Tampa Bay Rays
2023-06-23,Minnesota Twins,4,1,Detroit Tigers
2023-06-23,Atlanta Braves,10,11,Cincinnati Reds
2023-06-23,Pittsburgh Pirates,3,1,Miami Marlins
2023-06-23,Seattle Mariners,13,1,Baltimore Orioles
2023-06-23,New York Mets,1,5,Philadelphia Phillies
2023-06-23,Texas Rangers,4,2,New York Yankees
2023-06-23,Oakland Athletics,5,4,Toronto Blue Jays
2023-06-23,Milwaukee Brewers,7,1,Cleveland Guardians
2023-06-23,Boston Red Sox,3,1,Chicago White Sox
2023-06-23,Los Angeles Angels,4,7,Colorado Rockies
2023-06-23,Washington Nationals,3,13,San Diego Padres
2023-06-23,Houston Astros,2,3,Los Angeles Dodgers
2023-06-23,Arizona Diamondbacks,5,8,San Francisco Giants
2023-06-24,Chicago Cubs,9,1,St. Louis Cardinals
2023-06-24,Seattle Mariners,4,6,Baltimore Orioles
2023-06-24,Arizona Diamondbacks,6,7,San Francisco Giants
2023-06-24,New York Mets,4,2,Philadelphia Phillies
2023-06-24,Texas Rangers,0,1,New York Yankees
2023-06-24,Oakland Athletics,3,7,Toronto Blue Jays
2023-06-24,Kansas City Royals,9,4,Tampa Bay Rays
2023-06-24,Atlanta Braves,7,6,Cincinnati Reds
2023-06-24,Boston Red Sox,4,5,Chicago White Sox
2023-06-24,Pittsburgh Pirates,3,4,Miami Marlins
2023-06-24,Milwaukee Brewers,2,4,Cleveland Guardians
2023-06-24,Houston Astros,7,8,Los Angeles Dodgers
2023-06-24,Minnesota Twins,2,3,Detroit Tigers
2023-06-24,Washington Nationals,2,0,San Diego Padres
2023-06-24,Los Angeles Angels,25,1,Colorado Rockies
2023-06-25,Chicago Cubs,5,7,St. Louis Cardinals
2023-06-25,Minnesota Twins,6,3,Detroit Tigers
2023-06-25,Seattle Mariners,2,3,Baltimore Orioles
2023-06-25,New York Mets,6,7,Philadelphia Phillies
2023-06-25,Texas Rangers,3,5,New York Yankees
2023-06-25,Oakland Athletics,1,12,Toronto Blue Jays
2023-06-25,Kansas City Royals,1,3,Tampa Bay Rays
2023-06-25,Atlanta Braves,7,6,Cincinnati Reds
2023-06-25,Pittsburgh Pirates,0,2,Miami Marlins
2023-06-25,Milwaukee Brewers,5,4,Cleveland Guardians
2023-06-25,Boston Red Sox,1,4,Chicago White Sox
2023-06-25,Los Angeles Angels,3,4,Colorado Rockies
2023-06-25,Arizona Diamondbacks,5,2,San Francisco Giants
2023-06-25,Washington Nationals,8,3,San Diego Padres
2023-06-25,Houston Astros,6,5,Los Angeles Dodgers
2023-06-26,Cincinnati Reds,3,10,Baltimore Orioles
2023-06-26,Milwaukee Brewers,2,1,New York Mets
2023-06-26,Minnesota Twins,1,4,Atlanta Braves
2023-06-26,Detroit Tigers,7,2,Texas Rangers
2023-06-26,Chicago White Sox,1,2,Los Angeles Angels
2023-06-26,Washington Nationals,4,8,Seattle Mariners
2023-06-27,Cincinnati Reds,3,1,Baltimore Orioles
2023-06-27,San Diego Padres,4,9,Pittsburgh Pirates
2023-06-27,San Francisco Giants,3,0,Toronto Blue Jays
2023-06-27,Miami Marlins,10,1,Boston Red Sox
2023-06-27,Milwaukee Brewers,2,7,New York Mets
2023-06-27,Minnesota Twins,2,6,Atlanta Braves
2023-06-27,Houston Astros,2,4,St. Louis Cardinals
2023-06-27,Detroit Tigers,3,8,Texas Rangers
2023-06-27,Philadelphia Phillies,5,1,Chicago Cubs
2023-06-27,Cleveland Guardians,2,1,Kansas City Royals
2023-06-27,Los Angeles Dodgers,5,0,Colorado Rockies
2023-06-27,Chicago White Sox,2,4,Los Angeles Angels
2023-06-27,Washington Nationals,7,4,Seattle Mariners
2023-06-27,Tampa Bay Rays,4,8,Arizona Diamondbacks
2023-06-27,New York Yankees,1,2,Oakland Athletics
2023-06-28,Minnesota Twins,0,3,Atlanta Braves
2023-06-28,Washington Nationals,4,1,Seattle Mariners
2023-06-28,Cincinnati Reds,11,7,Baltimore Orioles
2023-06-28,San Diego Padres,1,7,Pittsburgh Pirates
2023-06-28,San Francisco Giants,1,6,Toronto Blue Jays
2023-06-28,Miami Marlins,6,2,Boston Red Sox
2023-06-28,Milwaukee Brewers,5,2,New York Mets
2023-06-28,Houston Astros,10,7,St. Louis Cardinals
2023-06-28,Detroit Tigers,2,10,Texas Rangers
2023-06-28,Philadelphia Phillies,8,5,Chicago Cubs
2023-06-28,Cleveland Guardians,14,1,Kansas City Royals
2023-06-28,Los Angeles Dodgers,8,9,Colorado Rockies
2023-06-28,Chicago White Sox,11,5,Los Angeles Angels
2023-06-28,Tampa Bay Rays,3,2,Arizona Diamondbacks
2023-06-28,New York Yankees,11,0,Oakland Athletics
2023-06-29,San Diego Padres,4,5,Pittsburgh Pirates
2023-06-29,Detroit Tigers,8,5,Texas Rangers
2023-06-29,Cleveland Guardians,3,4,Kansas City Royals
2023-06-29,New York Yankees,10,4,Oakland Athletics
2023-06-29,Tampa Bay Rays,6,1,Arizona Diamondbacks
2023-06-29,Chicago White Sox,9,7,Los Angeles Angels
2023-06-29,Miami Marlins,2,0,Boston Red Sox
2023-06-29,San Francisco Giants,1,2,Toronto Blue Jays
2023-06-29,Milwaukee Brewers,3,2,New York Mets
2023-06-29,Houston Astros,14,0,St. Louis Cardinals
2023-06-29,Philadelphia Phillies,3,1,Chicago Cubs
2023-06-29,Los Angeles Dodgers,14,3,Colorado Rockies
2023-06-30,Cleveland Guardians,1,10,Chicago Cubs
2023-06-30,San Diego Padres,5,7,Cincinnati Reds
2023-06-30,Washington Nationals,2,1,Philadelphia Phillies
2023-06-30,Minnesota Twins,8,1,Baltimore Orioles
2023-06-30,Milwaukee Brewers,7,8,Pittsburgh Pirates
2023-06-30,Boston Red Sox,5,0,Toronto Blue Jays
2023-06-30,San Francisco Giants,5,4,New York Mets
2023-06-30,Miami Marlins,4,16,Atlanta Braves
2023-06-30,Houston Astros,5,3,Texas Rangers
2023-06-30,Detroit Tigers,5,8,Colorado Rockies
2023-06-30,Los Angeles Dodgers,9,3,Kansas City Royals
2023-06-30,Arizona Diamondbacks,6,2,Los Angeles Angels
2023-06-30,Chicago White Sox,4,7,Oakland Athletics
2023-06-30,Tampa Bay Rays,15,4,Seattle Mariners
2023-07-01,San Diego Padres,12,5,Cincinnati Reds
2023-07-01,New York Yankees,4,11,St. Louis Cardinals
2023-07-01,New York Yankees,6,2,St. Louis Cardinals
2023-07-01,Boston Red Sox,7,6,Toronto Blue Jays
2023-07-01,Houston Astros,2,5,Texas Rangers
2023-07-01,Minnesota Twins,1,0,Baltimore Orioles
2023-07-01,Washington Nationals,4,19,Philadelphia Phillies
2023-07-01,Milwaukee Brewers,11,8,Pittsburgh Pirates
2023-07-01,Chicago White Sox,6,7,Oakland Athletics
2023-07-01,San Francisco Giants,1,4,New York Mets
2023-07-01,Miami Marlins,0,7,Atlanta Braves
2023-07-01,Cleveland Guardians,6,0,Chicago Cubs
2023-07-01,Los Angeles Dodgers,4,6,Kansas City Royals
2023-07-01,Tampa Bay Rays,3,8,Seattle Mariners
2023-07-01,Detroit Tigers,4,2,Colorado Rockies
2023-07-01,Arizona Diamondbacks,3,1,Los Angeles Angels
2023-07-02,Minnesota Twins,1,2,Baltimore Orioles
2023-07-02,Washington Nationals,5,4,Philadelphia Phillies
2023-07-02,Miami Marlins,3,6,Atlanta Braves
2023-07-02,Milwaukee Brewers,6,3,Pittsburgh Pirates
2023-07-02,Boston Red Sox,5,4,Toronto Blue Jays
2023-07-02,San Diego Padres,3,4,Cincinnati Reds
2023-07-02,Los Angeles Dodgers,1,9,Kansas City Royals
2023-07-02,New York Yankees,1,5,St. Louis Cardinals
2023-07-02,Houston Astros,5,3,Texas Rangers
2023-07-02,Detroit Tigers,14,9,Colorado Rockies
2023-07-02,Arizona Diamondbacks,2,5,Los Angeles Angels
2023-07-02,Chicago White Sox,8,7,Oakland Athletics
2023-07-02,Tampa Bay Rays,6,7,Seattle Mariners
2023-07-02,Cleveland Guardians,8,6,Chicago Cubs
2023-07-02,San Francisco Giants,4,8,New York Mets
2023-07-03,Houston Astros,12,11,Texas Rangers
2023-07-03,Chicago Cubs,6,8,Milwaukee Brewers
2023-07-03,Cincinnati Reds,3,2,Washington Nationals
2023-07-03,St. Louis Cardinals,4,5,Miami Marlins
2023-07-03,Baltimore Orioles,3,6,New York Yankees
2023-07-03,Atlanta Braves,4,2,Cleveland Guardians
2023-07-03,Kansas City Royals,4,8,Minnesota Twins
2023-07-03,Los Angeles Angels,3,10,San Diego Padres
2023-07-03,Seattle Mariners,6,5,San Francisco Giants
2023-07-03,Pittsburgh Pirates,2,5,Los Angeles Dodgers
2023-07-04,Cincinnati Reds,8,4,Washington Nationals
2023-07-04,Baltimore Orioles,4,8,New York Yankees
2023-07-04,St. Louis Cardinals,2,15,Miami Marlins
2023-07-04,Texas Rangers,6,2,Boston Red Sox
2023-07-04,Kansas City Royals,3,9,Minnesota Twins
2023-07-04,Colorado Rockies,1,4,Houston Astros
2023-07-04,New York Mets,8,5,Arizona Diamondbacks
2023-07-04,Philadelphia Phillies,3,1,Tampa Bay Rays
2023-07-04,Chicago Cubs,7,6,Milwaukee Brewers
2023-07-04,Seattle Mariners,6,0,San Francisco Giants
2023-07-04,Oakland Athletics,1,0,Detroit Tigers
2023-07-04,Los Angeles Angels,5,8,San Diego Padres
2023-07-04,Atlanta Braves,5,6,Cleveland Guardians
2023-07-04,Toronto Blue Jays,4,3,Chicago White Sox
2023-07-04,Pittsburgh Pirates,9,7,Los Angeles Dodgers
2023-07-05,Colorado Rockies,4,6,Houston Astros
2023-07-05,Oakland Athletics,12,3,Detroit Tigers
2023-07-05,Philadelphia Phillies,8,4,Tampa Bay Rays
2023-07-05,St. Louis Cardinals,9,10,Miami Marlins
2023-07-05,Cincinnati Reds,9,2,Washington Nationals
2023-07-05,Baltimore Orioles,6,3,New York Yankees
2023-07-05,Texas Rangers,2,4,Boston Red Sox
2023-07-05,Atlanta Braves,8,1,Cleveland Guardians
2023-07-05,Kansas City Royals,0,5,Minnesota Twins
2023-07-05,Chicago Cubs,4,3,Milwaukee Brewers
2023-07-05,Los Angeles Angels,3,5,San Diego Padres
2023-07-05,Seattle Mariners,0,2,San Francisco Giants
2023-07-05,New York Mets,2,1,Arizona Diamondbacks
2023-07-05,Pittsburgh Pirates,4,6,Los Angeles Dodgers
2023-07-06,Cincinnati Reds,5,4,Washington Nationals
2023-07-06,Oakland Athletics,0,9,Detroit Tigers
2023-07-06,Chicago Cubs,5,6,Milwaukee Brewers
2023-07-06,Toronto Blue Jays,6,2,Chicago White Sox
2023-07-06,Toronto Blue Jays,5,4,Chicago White Sox
2023-07-06,Philadelphia Phillies,3,1,Tampa Bay Rays
2023-07-06,St. Louis Cardinals,3,0,Miami Marlins
2023-07-06,Baltimore Orioles,14,1,New York Yankees
2023-07-06,Kansas City Royals,1,6,Cleveland Guardians
2023-07-06,Texas Rangers,6,10,Boston Red Sox
2023-07-06,Seattle Mariners,5,1,Houston Astros
2023-07-06,New York Mets,9,0,Arizona Diamondbacks
2023-07-06,Pittsburgh Pirates,2,5,Los Angeles Dodgers
2023-07-07,Toronto Blue Jays,12,2,Detroit Tigers
2023-07-07,Atlanta Braves,2,1,Tampa Bay Rays
2023-07-07,Philadelphia Phillies,4,3,Miami Marlins
2023-07-07,Texas Rangers,7,2,Washington Nationals
2023-07-07,Chicago Cubs,3,0,New York Yankees
2023-07-07,Kansas City Royals,0,3,Cleveland Guardians
2023-07-07,Oakland Athletics,3,7,Boston Red Sox
2023-07-07,Seattle Mariners,10,1,Houston Astros
2023-07-07,Baltimore Orioles,3,1,Minnesota Twins
2023-07-07,St. Louis Cardinals,7,8,Chicago White Sox
2023-07-07,Cincinnati Reds,3,7,Milwaukee Brewers
2023-07-07,Pittsburgh Pirates,3,7,Arizona Diamondbacks
2023-07-07,New York Mets,7,5,San Diego Padres
2023-07-07,Los Angeles Angels,4,11,Los Angeles Dodgers
2023-07-07,Colorado Rockies,5,2,San Francisco Giants
2023-07-08,Chicago Cubs,3,6,New York Yankees
2023-07-08,Toronto Blue Jays,0,2,Detroit Tigers
2023-07-08,Baltimore Orioles,6,2,Minnesota Twins
2023-07-08,St. Louis Cardinals,3,0,Chicago White Sox
2023-07-08,Colorado Rockies,3,5,San Francisco Giants
2023-07-08,Texas Rangers,3,8,Washington Nationals
2023-07-08,Kansas City Royals,6,10,Cleveland Guardians
2023-07-08,Oakland Athletics,3,10,Boston Red Sox
2023-07-08,Pittsburgh Pirates,2,3,Arizona Diamondbacks
2023-07-08,Philadelphia Phillies,3,5,Miami Marlins
2023-07-08,Cincinnati Reds,8,5,Milwaukee Brewers
2023-07-08,Seattle Mariners,2,3,Houston Astros
2023-07-08,Atlanta Braves,6,1,Tampa Bay Rays
2023-07-08,Los Angeles Angels,5,10,Los Angeles Dodgers
2023-07-08,New York Mets,1,3,San Diego Padres
2023-07-09,Texas Rangers,2,7,Washington Nationals
2023-07-09,Oakland Athletics,3,4,Boston Red Sox
2023-07-09,Chicago Cubs,7,4,New York Yankees
2023-07-09,Kansas City Royals,4,1,Cleveland Guardians
2023-07-09,Toronto Blue Jays,4,3,Detroit Tigers
2023-07-09,Atlanta Braves,4,10,Tampa Bay Rays
2023-07-09,Philadelphia Phillies,3,7,Miami Marlins
2023-07-09,Seattle Mariners,3,1,Houston Astros
2023-07-09,Baltimore Orioles,15,2,Minnesota Twins
2023-07-09,St. Louis Cardinals,4,3,Chicago White Sox
2023-07-09,Cincinnati Reds,0,1,Milwaukee Brewers
2023-07-09,Colorado Rockies,0,1,San Francisco Giants
2023-07-09,Pittsburgh Pirates,4,2,Arizona Diamondbacks
2023-07-09,New York Mets,2,6,San Diego Padres
2023-07-14,San Diego Padres,8,3,Philadelphia Phillies
2023-07-14,San Francisco Giants,6,4,Pittsburgh Pirates
2023-07-14,Washington Nationals,7,5,St. Louis Cardinals
2023-07-14,Miami Marlins,2,5,Baltimore Orioles
2023-07-14,Arizona Diamondbacks,2,7,Toronto Blue Jays
2023-07-14,Los Angeles Dodgers,6,0,New York Mets
2023-07-14,Milwaukee Brewers,1,0,Cincinnati Reds
2023-07-14,Chicago White Sox,0,9,Atlanta Braves
2023-07-14,Boston Red Sox,8,3,Chicago Cubs
2023-07-14,Cleveland Guardians,4,12,Texas Rangers
2023-07-14,New York Yankees,2,7,Colorado Rockies
2023-07-14,Houston Astros,7,5,Los Angeles Angels
2023-07-14,Minnesota Twins,5,4,Oakland Athletics
2023-07-14,Detroit Tigers,5,4,Seattle Mariners
2023-07-15,San Diego Padres,4,6,Philadelphia Phillies
2023-07-15,San Diego Padres,4,9,Philadelphia Phillies
2023-07-15,Tampa Bay Rays,6,1,Kansas City Royals
2023-07-15,Tampa Bay Rays,4,2,Kansas City Royals
2023-07-15,Washington Nationals,7,5,St. Louis Cardinals
2023-07-15,Boston Red Sox,4,10,Chicago Cubs
2023-07-15,Arizona Diamondbacks,2,5,Toronto Blue Jays
2023-07-15,Cleveland Guardians,0,2,Texas Rangers
2023-07-15,San Francisco Giants,3,1,Pittsburgh Pirates
2023-07-15,Miami Marlins,5,6,Baltimore Orioles
2023-07-15,Minnesota Twins,10,7,Oakland Athletics
2023-07-15,Milwaukee Brewers,3,0,Cincinnati Reds
2023-07-15,Los Angeles Dodgers,5,1,New York Mets
2023-07-15,Washington Nationals,6,9,St. Louis Cardinals
2023-07-15,Chicago White Sox,6,5,Atlanta Braves
2023-07-15,New York Yankees,6,3,Colorado Rockies
2023-07-15,Houston Astros,12,13,Los Angeles Angels
2023-07-15,Detroit Tigers,6,0,Seattle Mariners
2023-07-16,San Francisco Giants,8,4,Pittsburgh Pirates
2023-07-16,San Diego Padres,6,7,Philadelphia Phillies
2023-07-16,Chicago White Sox,8,1,Atlanta Braves
2023-07-16,Miami Marlins,4,5,Baltimore Orioles
2023-07-16,Arizona Diamondbacks,5,7,Toronto Blue Jays
2023-07-16,Milwaukee Brewers,4,3,Cincinnati Reds
2023-07-16,Tampa Bay Rays,4,8,Kansas City Royals
2023-07-16,Washington Nationals,4,8,St. Louis Cardinals
2023-07-16,Boston Red Sox,11,5,Chicago Cubs
2023-07-16,Cleveland Guardians,5,6,Texas Rangers
2023-07-16,New York Yankees,7,8,Colorado Rockies
2023-07-16,Minnesota Twins,5,4,Oakland Athletics
2023-07-16,Detroit Tigers,0,2,Seattle Mariners
2023-07-16,Los Angeles Dodgers,1,2,New York Mets
2023-07-16,Houston Astros,9,8,Los Angeles Angels
2023-07-17,Los Angeles Dodgers,6,4,Baltimore Orioles
2023-07-17,Cleveland Guardians,11,0,Pittsburgh Pirates
2023-07-17,San Francisco Giants,4,2,Cincinnati Reds
2023-07-17,Miami Marlins,4,6,St. Louis Cardinals
2023-07-17,Washington Nationals,7,5,Chicago Cubs
2023-07-17,Tampa Bay Rays,2,3,Texas Rangers
2023-07-17,Detroit Tigers,3,2,Kansas City Royals
2023-07-17,New York Yankees,3,4,Los Angeles Angels
2023-07-17,Boston Red Sox,7,0,Oakland Athletics
2023-07-17,Minnesota Twins,6,7,Seattle Mariners
2023-07-18,San Francisco Giants,4,2,Cincinnati Reds
2023-07-18,Milwaukee Brewers,3,4,Philadelphia Phillies
2023-07-18,Los Angeles Dodgers,10,3,Baltimore Orioles
2023-07-18,Cleveland Guardians,10,1,Pittsburgh Pirates
2023-07-18,San Diego Padres,9,1,Toronto Blue Jays
2023-07-18,San Francisco Giants,11,10,Cincinnati Reds
2023-07-18,Chicago White Sox,10,11,New York Mets
2023-07-18,Arizona Diamondbacks,16,13,Atlanta Braves
2023-07-18,Miami Marlins,2,5,St. Louis Cardinals
2023-07-18,Washington Nationals,3,17,Chicago Cubs
2023-07-18,Tampa Bay Rays,3,5,Texas Rangers
2023-07-18,Detroit Tigers,10,11,Kansas City Royals
2023-07-18,Houston Astros,3,4,Colorado Rockies
2023-07-18,New York Yankees,1,5,Los Angeles Angels
2023-07-18,Boston Red Sox,0,3,Oakland Athletics
2023-07-18,Minnesota Twins,10,3,Seattle Mariners
2023-07-19,Cleveland Guardians,5,7,Pittsburgh Pirates
2023-07-19,Los Angeles Dodgers,5,8,Baltimore Orioles
2023-07-19,Tampa Bay Rays,1,5,Texas Rangers
2023-07-19,Miami Marlins,4,6,St. Louis Cardinals
2023-07-19,Houston Astros,4,1,Colorado Rockies
2023-07-19,Boston Red Sox,5,6,Oakland Athletics
2023-07-19,Milwaukee Brewers,5,3,Philadelphia Phillies
2023-07-19,San Diego Padres,2,0,Toronto Blue Jays
2023-07-19,New York Yankees,3,7,Los Angeles Angels
2023-07-19,San Francisco Giants,2,3,Cincinnati Reds
2023-07-19,Chicago White Sox,1,5,New York Mets
2023-07-19,Arizona Diamondbacks,5,3,Atlanta Braves
2023-07-19,Washington Nationals,3,8,Chicago Cubs
2023-07-19,Detroit Tigers,3,2,Kansas City Royals
2023-07-19,Minnesota Twins,6,3,Seattle Mariners
2023-07-20,Arizona Diamondbacks,5,7,Atlanta Braves
2023-07-20,San Francisco Giants,1,5,Cincinnati Reds
2023-07-20,Milwaukee Brewers,4,0,Philadelphia Phillies
2023-07-20,San Diego Padres,0,4,Toronto Blue Jays
2023-07-20,Chicago White Sox,6,2,New York Mets
2023-07-20,Detroit Tigers,3,0,Kansas City Royals
2023-07-20,Minnesota Twins,0,5,Seattle Mariners
2023-07-20,Baltimore Orioles,4,3,Tampa Bay Rays
2023-07-20,St. Louis Cardinals,7,2,Chicago Cubs
2023-07-20,Houston Astros,3,1,Oakland Athletics
2023-07-21,St. Louis Cardinals,3,4,Chicago Cubs
2023-07-21,San Diego Padres,5,4,Detroit Tigers
2023-07-21,Baltimore Orioles,0,3,Tampa Bay Rays
2023-07-21,Colorado Rockies,6,1,Miami Marlins
2023-07-21,San Francisco Giants,3,5,Washington Nationals
2023-07-21,Kansas City Royals,4,5,New York Yankees
2023-07-21,Arizona Diamondbacks,6,9,Cincinnati Reds
2023-07-21,New York Mets,5,4,Boston Red Sox
2023-07-21,Philadelphia Phillies,5,6,Cleveland Guardians
2023-07-21,Los Angeles Dodgers,11,5,Texas Rangers
2023-07-21,Chicago White Sox,4,9,Minnesota Twins
2023-07-21,Atlanta Braves,6,4,Milwaukee Brewers
2023-07-21,Pittsburgh Pirates,5,8,Los Angeles Angels
2023-07-21,Houston Astros,6,4,Oakland Athletics
2023-07-21,Toronto Blue Jays,2,3,Seattle Mariners
2023-07-22,Kansas City Royals,2,5,New York Yankees
2023-07-22,Colorado Rockies,4,3,Miami Marlins
2023-07-22,New York Mets,5,4,Boston Red Sox
2023-07-22,St. Louis Cardinals,6,8,Chicago Cubs
2023-07-22,Los Angeles Dodgers,16,3,Texas Rangers
2023-07-22,Arizona Diamondbacks,2,4,Cincinnati Reds
2023-07-22,Baltimore Orioles,6,5,Tampa Bay Rays
2023-07-22,Toronto Blue Jays,8,9,Seattle Mariners
2023-07-22,San Diego Padres,14,3,Detroit Tigers
2023-07-22,San Francisco Giants,1,10,Washington Nationals
2023-07-22,New York Mets,6,8,Boston Red Sox
2023-07-22,Philadelphia Phillies,0,1,Cleveland Guardians
2023-07-22,Chicago White Sox,2,3,Minnesota Twins
2023-07-22,Atlanta Braves,3,4,Milwaukee Brewers
2023-07-22,Houston Astros,1,4,Oakland Athletics
2023-07-22,Pittsburgh Pirates,3,0,Los Angeles Angels
2023-07-23,San Diego Padres,1,3,Detroit Tigers
2023-07-23,San Francisco Giants,1,6,Washington Nationals
2023-07-23,Kansas City Royals,5,8,New York Yankees
2023-07-23,Arizona Diamondbacks,3,7,Cincinnati Reds
2023-07-23,Baltimore Orioles,5,3,Tampa Bay Rays
2023-07-23,Philadelphia Phillies,8,5,Cleveland Guardians
2023-07-23,Colorado Rockies,2,3,Miami Marlins
2023-07-23,Chicago White Sox,4,5,Minnesota Twins
2023-07-23,Atlanta Braves,4,2,Milwaukee Brewers
2023-07-23,St. Louis Cardinals,2,7,Chicago Cubs
2023-07-23,Los Angeles Dodgers,4,8,Texas Rangers
2023-07-23,Houston Astros,3,2,Oakland Athletics
2023-07-23,Pittsburgh Pirates,5,7,Los Angeles Angels
2023-07-23,Toronto Blue Jays,4,3,Seattle Mariners
2023-07-23,New York Mets,1,6,Boston Red Sox
2023-07-24,San Francisco Giants,1,5,Detroit Tigers
2023-07-24,Baltimore Orioles,3,2,Philadelphia Phillies
2023-07-24,Colorado Rockies,10,6,Washington Nationals
2023-07-24,Kansas City Royals,5,3,Cleveland Guardians
2023-07-24,Seattle Mariners,3,4,Minnesota Twins
2023-07-24,Texas Rangers,9,10,Houston Astros
2023-07-24,Cincinnati Reds,2,3,Milwaukee Brewers
2023-07-24,Pittsburgh Pirates,8,4,San Diego Padres
2023-07-24,St. Louis Cardinals,10,6,Arizona Diamondbacks
2023-07-24,Toronto Blue Jays,6,3,Los Angeles Dodgers
2023-07-25,Los Angeles Angels,7,6,Detroit Tigers
2023-07-25,Baltimore Orioles,3,4,Philadelphia Phillies
2023-07-25,Miami Marlins,1,4,Tampa Bay Rays
2023-07-25,Colorado Rockies,5,6,Washington Nationals
2023-07-25,New York Mets,9,3,New York Yankees
2023-07-25,Kansas City Royals,1,5,Cleveland Guardians
2023-07-25,Atlanta Braves,1,7,Boston Red Sox
2023-07-25,Seattle Mariners,9,7,Minnesota Twins
2023-07-25,Texas Rangers,3,4,Houston Astros
2023-07-25,Chicago Cubs,7,3,Chicago White Sox
2023-07-25,Cincinnati Reds,4,3,Milwaukee Brewers
2023-07-25,Pittsburgh Pirates,1,5,San Diego Padres
2023-07-25,St. Louis Cardinals,1,3,Arizona Diamondbacks
2023-07-25,Oakland Athletics,1,2,San Francisco Giants
2023-07-25,Toronto Blue Jays,7,8,Los Angeles Dodgers
